/wiki/A_Place	A Place
/wiki/A2341CA	A2341CA
/wiki/Aalzorg	Aalzorg
/wiki/Abadan	Abadan
/wiki/Abagnar	Abagnar
/wiki/Abbadiyah	Abbadiyah
/wiki/Abbeville	Abbeville
/wiki/Abejorral	Abejorral
/wiki/Aberystwyth	Aberystwyth
/wiki/Abiy_Adi	Abiy Adi
/wiki/Able%27s_Glory	Able's Glory
/wiki/Aboukir	Aboukir
/wiki/Abramkovo	Abramkovo
/wiki/Abruzzi	Abruzzi
/wiki/Abushiri	Abushiri
/wiki/Acala	Acala
/wiki/Acamar	Acamar
/wiki/Accrington	Accrington
/wiki/Achilles_(CC)	Achilles (CC)
/wiki/Achnoly	Achnoly
/wiki/Achton	Achton
/wiki/Achtur	Achtur
/wiki/Acoma	Acoma
/wiki/Aconcagua	Aconcagua
/wiki/Acrux	Acrux
/wiki/Acubens	Acubens
/wiki/Ad_Duwayd	Ad Duwayd
/wiki/Addasar	Addasar
/wiki/Addhara	Addhara
/wiki/Addicks	Addicks
/wiki/Adelaide	Adelaide
/wiki/Adelson	Adelson
/wiki/Adhafera	Adhafera
/wiki/Adherlwin	Adherlwin
/wiki/Adler	Adler
/wiki/Adrar	Adrar
/wiki/Adrian	Adrian
/wiki/Aea	Aea
/wiki/Afarsin	Afarsin
/wiki/Afleir	Afleir
/wiki/Agematsu	Agematsu
/wiki/Aggstein	Aggstein
/wiki/Agliana	Agliana
/wiki/Aigle	Aigle
/wiki/Aiguebelle	Aiguebelle
/wiki/Aitutaki	Aitutaki
/wiki/Aix-la-Chapelle	Aix-la-Chapelle
/wiki/Akfata	Akfata
/wiki/Al_Hillah	Al Hillah
/wiki/Al_Jafr	Al Jafr
/wiki/Al_Jubaylah	Al Jubaylah
/wiki/Al_Na%27ir	Al Na'ir
/wiki/Alarion	Alarion
/wiki/Albalii	Albalii
/wiki/Albaracht	Albaracht
/wiki/Albert_Falls	Albert Falls
/wiki/Albiero	Albiero
/wiki/Albion_(Clan)	Albion (Clan)
/wiki/Albion_(LC)	Albion (LC)
/wiki/Alchiba	Alchiba
/wiki/Alcor	Alcor
/wiki/Alcyone	Alcyone
/wiki/Aldebaran	Aldebaran
/wiki/Aldertaine	Aldertaine
/wiki/Aldrecht	Aldrecht
/wiki/Alegro	Alegro
/wiki/Alekseyvka	Alekseyvka
/wiki/Alexandria_(CC)	Alexandria (CC)
/wiki/Alexandria_(LC)	Alexandria (LC)
/wiki/Alfirk	Alfirk
/wiki/Algate	Algate
/wiki/Algedi	Algedi
/wiki/Algenib	Algenib
/wiki/Algol	Algol
/wiki/Algorab	Algorab
/wiki/Algot	Algot
/wiki/Alhena	Alhena
/wiki/Alioth	Alioth
/wiki/Alkaid	Alkaid
/wiki/Alkalurops	Alkalurops
/wiki/Alkes	Alkes
/wiki/Alktral	Alktral
/wiki/All_Dawn	All Dawn
/wiki/Alleghe	Alleghe
/wiki/Allerton	Allerton
/wiki/Alma_Alta	Alma Alta
/wiki/Almach	Almach
/wiki/Almunge	Almunge
/wiki/Alnadal	Alnadal
/wiki/Alnasl	Alnasl
/wiki/Alorton	Alorton
/wiki/Alpha_Eridani	Alpha Eridani
/wiki/Alphard_(FWL)	Alphard (FWL)
/wiki/Alphard_(MH)	Alphard (MH)
/wiki/Alphecca	Alphecca
/wiki/Alpheratz	Alpheratz
/wiki/Alrakis	Alrakis
/wiki/Alrescha	Alrescha
/wiki/Alsek	Alsek
/wiki/Alshain	Alshain
/wiki/Alta	Alta
/wiki/Alta_Vista	Alta Vista
/wiki/Altair	Altair
/wiki/Altais	Altais
/wiki/Altdorf	Altdorf
/wiki/Altenmarkt	Altenmarkt
/wiki/Alterf	Alterf
/wiki/Althastan	Althastan
/wiki/Althea%27s_Choice	Althea's Choice
/wiki/Alto	Alto
/wiki/Altona	Altona
/wiki/Altoona_(FS)	Altoona (FS)
/wiki/Altoona_(LC)	Altoona (LC)
/wiki/Altorra	Altorra
/wiki/Alula_Borealis	Alula Borealis
/wiki/Alya	Alya
/wiki/Alyina	Alyina
/wiki/Ambatomainty	Ambatomainty
/wiki/Amber	Amber
/wiki/Amber_Grove	Amber Grove
/wiki/Ambergrist	Ambergrist
/wiki/Ambrose	Ambrose
/wiki/Amiga	Amiga
/wiki/Amity	Amity
/wiki/Amminadav	Amminadav
/wiki/Ammon_(OA)	Ammon (OA)
/wiki/Amu_Darya	Amu Darya
/wiki/An_Ting	An Ting
/wiki/Anaea	Anaea
/wiki/Anaheim	Anaheim
/wiki/Ancha	Ancha
/wiki/Andalusia	Andalusia
/wiki/Andarmax	Andarmax
/wiki/Andelys	Andelys
/wiki/Andiron	Andiron
/wiki/Andro	Andro
/wiki/Andurien	Andurien
/wiki/Anegasaki	Anegasaki
/wiki/Anembo	Anembo
/wiki/Angell	Angell
/wiki/Angelsey	Angelsey
/wiki/Anglia	Anglia
/wiki/Angol	Angol
/wiki/Angra	Angra
/wiki/Anguilla	Anguilla
/wiki/Anjin_Muerto	Anjin Muerto
/wiki/Ankaa	Ankaa
/wiki/Anklan	Anklan
/wiki/Ankolika	Ankolika
/wiki/Annapolis	Annapolis
/wiki/Annunziata	Annunziata
/wiki/Annwyn	Annwyn
/wiki/Antallos_(Port_Krin)	Antallos (Port Krin)
/wiki/Antares	Antares
/wiki/Antias	Antias
/wiki/Antietam	Antietam
/wiki/Antipolo	Antipolo
/wiki/Antwerp	Antwerp
/wiki/Anywhere	Anywhere
/wiki/Aodh	Aodh
/wiki/Aomen	Aomen
/wiki/Aosia	Aosia
/wiki/Apinzel	Apinzel
/wiki/Apolakkia	Apolakkia
/wiki/Apollo_(system)	Apollo (system)
/wiki/Apostica	Apostica
/wiki/Appian	Appian
/wiki/Apriki	Apriki
/wiki/Apsalar	Apsalar
/wiki/Aquagea	Aquagea
/wiki/Aquavita	Aquavita
/wiki/Aquila_Rift	Aquila Rift
/wiki/Aquileia	Aquileia
/wiki/Aragon	Aragon
/wiki/Asturias	Asturias
/wiki/C%C3%B3rdoba	Córdoba
/wiki/Arboris	Arboris
/wiki/Arc-Royal	Arc-Royal
/wiki/Arcadia_(Clan)	Arcadia (Clan)
/wiki/Arcadia_(FS)	Arcadia (FS)
/wiki/Arcadia_(LC)	Arcadia (LC)
/wiki/Arcturus	Arcturus
/wiki/Ardoz	Ardoz
/wiki/Ares_(system)	Ares (system)
/wiki/Arganda	Arganda
/wiki/Argondale	Argondale
/wiki/Argos	Argos
/wiki/Argyle	Argyle
/wiki/Ariel	Ariel
/wiki/Aristotle	Aristotle
/wiki/Arkab	Arkab
/wiki/Arlanda	Arlanda
/wiki/Arlington	Arlington
/wiki/Arluna	Arluna
/wiki/Armaxa	Armaxa
/wiki/Armington	Armington
/wiki/Armstrong	Armstrong
/wiki/Arnaudville	Arnaudville
/wiki/Arromanches	Arromanches
/wiki/Artru	Artru
/wiki/Arundel	Arundel
/wiki/As_Samik	As Samik
/wiki/Ascella	Ascella
/wiki/Asellus_Australis	Asellus Australis
/wiki/Asellus_Borealis	Asellus Borealis
/wiki/Asgard	Asgard
/wiki/Ashburton	Ashburton
/wiki/Ashio	Ashio
/wiki/Ashkum	Ashkum
/wiki/Ashley	Ashley
/wiki/Aspropirgos	Aspropirgos
/wiki/Asta	Asta
/wiki/Astrokaszy	Astrokaszy
/wiki/Asuncion	Asuncion
/wiki/Athenry	Athenry
/wiki/Athna	Athna
/wiki/Atlas_(system)	Atlas (system)
/wiki/Atocongo	Atocongo
/wiki/Atreus_(Clan_planet)	Atreus (Clan planet)
/wiki/Atreus_(FWL)	Atreus (FWL)
/wiki/Atreus_Prime	Atreus Prime
/wiki/Atria	Atria
/wiki/Atsugi	Atsugi
/wiki/Attenbrooks	Attenbrooks
/wiki/Atzenbrugg	Atzenbrugg
/wiki/Aubisson	Aubisson
/wiki/Aucara	Aucara
/wiki/August	August
/wiki/Augusta	Augusta
/wiki/Augustine	Augustine
/wiki/Auldhouse	Auldhouse
/wiki/Aur	Aur
/wiki/Aurigae	Aurigae
/wiki/Australia	Australia
/wiki/Autumn_Wind	Autumn Wind
/wiki/Avawatz	Avawatz
/wiki/Avellaneda	Avellaneda
/wiki/Avigait	Avigait
/wiki/Avior	Avior
/wiki/Avon	Avon
/wiki/Avranches	Avranches
/wiki/Awano	Awano
/wiki/Awyron	Awyron
/wiki/Axton	Axton
/wiki/Ayacucho	Ayacucho
/wiki/Aylmer	Aylmer
/wiki/Ayn_Tarma	Ayn Tarma
/wiki/Azha	Azha
/wiki/Azur	Azur
/wiki/Babaeski	Babaeski
/wiki/Babuyan	Babuyan
/wiki/Babylon	Babylon
/wiki/Baccalieu	Baccalieu
/wiki/Bacum	Bacum
/wiki/Bad_News	Bad News
/wiki/Badlands	Badlands
/wiki/Baggville	Baggville
/wiki/Bahl%27s_Retreat	Bahl's Retreat
/wiki/Bainsville	Bainsville
/wiki/Baker_3	Baker 3
/wiki/Baldur	Baldur
/wiki/Baliggora	Baliggora
/wiki/Balkan	Balkan
/wiki/Ballad_II	Ballad II
/wiki/Ballalaba	Ballalaba
/wiki/Ballentine	Ballentine
/wiki/Ballynure	Ballynure
/wiki/Balsta	Balsta
/wiki/Baltar	Baltar
/wiki/Baltazar_III	Baltazar III
/wiki/Bamburgh	Bamburgh
/wiki/Ban_Na_San	Ban Na San
/wiki/Bandora	Bandora
/wiki/Banfora	Banfora
/wiki/Bangor	Bangor
/wiki/Bannerhoft	Bannerhoft
/wiki/Banori	Banori
/wiki/Barada	Barada
/wiki/Barahona	Barahona
/wiki/Baranda	Baranda
/wiki/Barbados	Barbados
/wiki/Barcella	Barcella
/wiki/Barcelona	Barcelona
/wiki/Barlaston	Barlaston
/wiki/Barlow%27s_End	Barlow's End
/wiki/Barlow%27s_Folly	Barlow's Folly
/wiki/Barras	Barras
/wiki/Barstow	Barstow
/wiki/Bartrock	Bartrock
/wiki/Baruun_Urt	Baruun Urt
/wiki/Baryshevo	Baryshevo
/wiki/Basalt	Basalt
/wiki/Basantapur	Basantapur
/wiki/Basiliano	Basiliano
/wiki/Bass	Bass
/wiki/Bassfield	Bassfield
/wiki/Bastian	Bastian
/wiki/Bastrop	Bastrop
/wiki/Batajnica	Batajnica
/wiki/Batavia	Batavia
/wiki/Battaraigi	Battaraigi
/wiki/Baxley	Baxley
/wiki/Baxter	Baxter
/wiki/Bayeux	Bayeux
/wiki/Bayindir	Bayindir
/wiki/Bayis_II	Bayis II
/wiki/Bazaar	Bazaar
/wiki/Bearclaw	Bearclaw
/wiki/Beaumont	Beaumont
/wiki/Beauvais	Beauvais
/wiki/Beckars	Beckars
/wiki/Bedeque	Bedeque
/wiki/Beecher	Beecher
/wiki/Beehive_Cluster	Beehive Cluster
/wiki/Beenleigh	Beenleigh
/wiki/Beid	Beid
/wiki/Beils	Beils
/wiki/Belacruz	Belacruz
/wiki/Belaire	Belaire
/wiki/Belamor	Belamor
/wiki/Belgae	Belgae
/wiki/Bell	Bell
/wiki/Bell_(OA)	Bell (OA)
/wiki/Bella_I	Bella I
/wiki/Belladonna	Belladonna
/wiki/Bellatrix	Bellatrix
/wiki/Belle_Isle	Belle Isle
/wiki/Bellevue	Bellevue
/wiki/Belluevue	Belluevue
/wiki/Benedict	Benedict
/wiki/Benet	Benet
/wiki/Benfled	Benfled
/wiki/Benjamin	Benjamin
/wiki/Bensinger	Bensinger
/wiki/Bentley	Bentley
/wiki/Beowulf_(system)	Beowulf (system)
/wiki/Berenson	Berenson
/wiki/Bergen	Bergen
/wiki/Bergman%27s_Planet	Bergman's Planet
/wiki/Bergtatt	Bergtatt
/wiki/Bernardo	Bernardo
/wiki/Bessarabia	Bessarabia
/wiki/Beta_Mensae_V	Beta Mensae V
/wiki/Beta_Regulus_II	Beta Regulus II
/wiki/Beta_Salandor	Beta Salandor
/wiki/Beta_VII	Beta VII
/wiki/Betelgeuse	Betelgeuse
/wiki/Beten_Kaitos	Beten Kaitos
/wiki/Bethel	Bethel
/wiki/Bethonolog	Bethonolog
/wiki/Bettendorf	Bettendorf
/wiki/Bex	Bex
/wiki/Bhaktapur	Bhaktapur
/wiki/Bharat	Bharat
/wiki/Bhykov	Bhykov
/wiki/Bicester	Bicester
/wiki/Biegga	Biegga
/wiki/Biham	Biham
/wiki/Bikini_Atoll	Bikini Atoll
/wiki/Bilma	Bilma
/wiki/Biloela	Biloela
/wiki/Binyang	Binyang
/wiki/Biota	Biota
/wiki/Birmensdorf	Birmensdorf
/wiki/Birqash	Birqash
/wiki/Bismarck_(system)	Bismarck (system)
/wiki/Bithinia	Bithinia
/wiki/Biuque	Biuque
/wiki/Bjarred	Bjarred
/wiki/Bjornlunda	Bjornlunda
/wiki/Black_Earth	Black Earth
/wiki/Blackjack_(system)	Blackjack (system)
/wiki/Blackstone	Blackstone
/wiki/Blair_Atholl	Blair Atholl
/wiki/Blandinsville	Blandinsville
/wiki/Blandou	Blandou
/wiki/Blantleff	Blantleff
/wiki/Blida	Blida
/wiki/Blommestein	Blommestein
/wiki/Blue_Diamond	Blue Diamond
/wiki/Blue_Hole	Blue Hole
/wiki/Blue_Sava	Blue Sava
/wiki/Blueys	Blueys
/wiki/Bluford	Bluford
/wiki/Blumenort	Blumenort
/wiki/Boara	Boara
/wiki/Boardwalk	Boardwalk
/wiki/Bob	Bob
/wiki/Bobruisk	Bobruisk
/wiki/Bodnath	Bodnath
/wiki/Boeotia	Boeotia
/wiki/Bogard	Bogard
/wiki/Bogerth	Bogerth
/wiki/Bogrib	Bogrib
/wiki/Bolan	Bolan
/wiki/Bonaire	Bonaire
/wiki/Bondurant	Bondurant
/wiki/Bone-Norman	Bone-Norman
/wiki/Bonneau	Bonneau
/wiki/Booker	Booker
/wiki/Boondock	Boondock
/wiki/Bora	Bora
/wiki/Borden	Borden
/wiki/Bordon	Bordon
/wiki/Borgan%27s_Rift	Borgan's Rift
/wiki/Borghese	Borghese
/wiki/Borka	Borka
/wiki/Bornal	Bornal
/wiki/Bossangoa	Bossangoa
/wiki/Botany_Bay	Botany Bay
/wiki/Bothwell	Bothwell
/wiki/Bougie	Bougie
/wiki/Boulsi	Boulsi
/wiki/Bountiful_Harvest	Bountiful Harvest
/wiki/Bowang	Bowang
/wiki/Braben%27s_Frontier	Braben's Frontier
/wiki/Brabent	Brabent
/wiki/Brailsford	Brailsford
/wiki/Brank	Brank
/wiki/Branzoll	Branzoll
/wiki/Brasha	Brasha
/wiki/Braum	Braum
/wiki/Braunschweig	Braunschweig
/wiki/Braunton	Braunton
/wiki/Breed	Breed
/wiki/Bremen_(HL)	Bremen (HL)
/wiki/Bremen_(RWR)	Bremen (RWR)
/wiki/Bremond	Bremond
/wiki/Brest	Brest
/wiki/Breukelen	Breukelen
/wiki/Brighton	Brighton
/wiki/Brihuega	Brihuega
/wiki/Brim	Brim
/wiki/Bringdam	Bringdam
/wiki/Brinton	Brinton
/wiki/Brisbane	Brisbane
/wiki/Bristol	Bristol
/wiki/Brittany_III	Brittany III
/wiki/Brixtana	Brixtana
/wiki/Broaddus	Broaddus
/wiki/Brocchi%27s_Cluster	Brocchi's Cluster
/wiki/Brockton	Brockton
/wiki/Brockway	Brockway
/wiki/Broken_Wheel	Broken Wheel
/wiki/Bromhead	Bromhead
/wiki/Brookeland	Brookeland
/wiki/Brooloo	Brooloo
/wiki/Brownsville	Brownsville
/wiki/Bruben	Bruben
/wiki/Bruges	Bruges
/wiki/Brundage	Brundage
/wiki/Brundams	Brundams
/wiki/Brusett	Brusett
/wiki/Bryant	Bryant
/wiki/Bryceland	Bryceland
/wiki/Buchlau	Buchlau
/wiki/Bucklands	Bucklands
/wiki/Buckminster	Buckminster
/wiki/Budingen	Budingen
/wiki/Buena	Buena
/wiki/Buenos_Aires	Buenos Aires
/wiki/Burnt_Rock	Burnt Rock
/wiki/Burton	Burton
/wiki/Bushmill	Bushmill
/wiki/Butler	Butler
/wiki/Butte_Hold	Butte Hold
/wiki/Butzfleth	Butzfleth
/wiki/Bye%27s_Ship	Bye's Ship
/wiki/Byesville	Byesville
/wiki/Cabanatuan	Cabanatuan
/wiki/Cadela	Cadela
/wiki/Cadiz_(DC)	Cadiz (DC)
/wiki/Cadiz_(TC)	Cadiz (TC)
/wiki/Caerlaverock	Caerlaverock
/wiki/Caesaera	Caesaera
/wiki/Caesar%27s_Bow	Caesar's Bow
/wiki/Caesar%27s_Crown	Caesar's Crown
/wiki/Cahokia	Cahokia
/wiki/Caillinius	Caillinius
/wiki/Cajamarca	Cajamarca
/wiki/Calafell	Calafell
/wiki/Calchedon	Calchedon
/wiki/Caldarium	Caldarium
/wiki/Caldrea	Caldrea
/wiki/Caldwell	Caldwell
/wiki/Caledea	Caledea
/wiki/Caledonia	Caledonia
/wiki/Caliban_Nebula	Caliban Nebula
/wiki/Calingasta	Calingasta
/wiki/Calish	Calish
/wiki/Callison	Callison
/wiki/Callisto	Callisto
/wiki/Calloway	Calloway
/wiki/Calpaca	Calpaca
/wiki/Calseraigne	Calseraigne
/wiki/Calvados	Calvados
/wiki/Camadeierre	Camadeierre
/wiki/Cambiano	Cambiano
/wiki/Cambridge	Cambridge
/wiki/Cameron_(FWL)	Cameron (FWL)
/wiki/Cameron_(LC)	Cameron (LC)
/wiki/Camlann_(DC)	Camlann (DC)
/wiki/Camlann_(FWL)	Camlann (FWL)
/wiki/Cammal	Cammal
/wiki/Campbelton	Campbelton
/wiki/Campertown	Campertown
/wiki/Campoleone	Campoleone
/wiki/Canal	Canal
/wiki/Candiear	Candiear
/wiki/Canonbie	Canonbie
/wiki/Canopus	Canopus
/wiki/Cap_Rouge	Cap Rouge
/wiki/Capac	Capac
/wiki/Capella	Capella
/wiki/Caph	Caph
/wiki/Capolla	Capolla
/wiki/Capra	Capra
/wiki/Capricorn	Capricorn
/wiki/Caracol	Caracol
/wiki/Carbonis	Carbonis
/wiki/Carcassonne	Carcassonne
/wiki/Carcri	Carcri
/wiki/Cardff	Cardff
/wiki/Caria	Caria
/wiki/Caripare	Caripare
/wiki/Carlisle	Carlisle
/wiki/Carmacks	Carmacks
/wiki/Carmelita	Carmelita
/wiki/Carmen	Carmen
/wiki/Carmichael	Carmichael
/wiki/Carnac	Carnac
/wiki/Carnwath	Carnwath
/wiki/Carse	Carse
/wiki/Carsphairn	Carsphairn
/wiki/Carstairs	Carstairs
/wiki/Cartago	Cartago
/wiki/Carthage	Carthage
/wiki/Carvajal	Carvajal
/wiki/Cascade	Cascade
/wiki/Caselton	Caselton
/wiki/Casere	Casere
/wiki/Cassias	Cassias
/wiki/Castile	Castile
/wiki/Castor	Castor
/wiki/Castrovia	Castrovia
/wiki/Cate%27s_Hold	Cate's Hold
/wiki/Catroxx	Catroxx
/wiki/Cavalor	Cavalor
/wiki/Cavanaugh_II	Cavanaugh II
/wiki/Cayuga	Cayuga
/wiki/Cear%C3%A1	Ceará
/wiki/Cebalrai	Cebalrai
/wiki/Ceiba	Ceiba
/wiki/Celano	Celano
/wiki/Celebes	Celebes
/wiki/Celentaro	Celentaro
/wiki/Centavido	Centavido
/wiki/Cephei	Cephei
/wiki/Ceram	Ceram
/wiki/Cerberus_(system)	Cerberus (system)
/wiki/Cerignola	Cerignola
/wiki/Cerillos	Cerillos
/wiki/Cermak	Cermak
/wiki/Cerulean	Cerulean
/wiki/Ceuta	Ceuta
/wiki/Chaffee	Chaffee
/wiki/Chaffee_(DP)	Chaffee (DP)
/wiki/Chagos	Chagos
/wiki/Chahar	Chahar
/wiki/Chaine_Cluster	Chaine Cluster
/wiki/Chakachamna	Chakachamna
/wiki/Chalouba	Chalouba
/wiki/Chamdo	Chamdo
/wiki/Champadanga	Champadanga
/wiki/Champollion	Champollion
/wiki/Chandler	Chandler
/wiki/Chanute	Chanute
/wiki/Chapineria	Chapineria
/wiki/Chapultepec	Chapultepec
/wiki/Chara	Chara
/wiki/Charity	Charity
/wiki/Charleston	Charleston
/wiki/Charleywood	Charleywood
/wiki/Charlie_425_A	Charlie 425 A
/wiki/Chateau	Chateau
/wiki/Chatham	Chatham
/wiki/Chaumont	Chaumont
/wiki/Chaville	Chaville
/wiki/Chebanse	Chebanse
/wiki/Chengdu	Chengdu
/wiki/Chenier	Chenier
/wiki/Chennai	Chennai
/wiki/Cheriton	Cheriton
/wiki/Chertan	Chertan
/wiki/Chesterton	Chesterton
/wiki/Chhaprauli	Chhaprauli
/wiki/Chiavenna	Chiavenna
/wiki/Chichibu	Chichibu
/wiki/Chillon	Chillon
/wiki/Chilung	Chilung
/wiki/Chimpaw	Chimpaw
/wiki/Chinmen_Tao	Chinmen Tao
/wiki/Chirac	Chirac
/wiki/Chirala	Chirala
/wiki/Chirikof	Chirikof
/wiki/Chita	Chita
/wiki/Chitwan	Chitwan
/wiki/Choex	Choex
/wiki/Cholame	Cholame
/wiki/Chorley	Chorley
/wiki/Chota	Chota
/wiki/Choudrant	Choudrant
/wiki/Chouli	Chouli
/wiki/Christiania	Christiania
/wiki/Chukchi	Chukchi
/wiki/Chupadero	Chupadero
/wiki/Ciampino	Ciampino
/wiki/Cilvituk	Cilvituk
/wiki/Cimeron	Cimeron
/wiki/Ciotat	Ciotat
/wiki/Circe	Circe
/wiki/Circinus	Circinus
/wiki/Cirebon	Cirebon
/wiki/Claxton	Claxton
/wiki/Clayborne_II	Clayborne II
/wiki/Claybrooke	Claybrooke
/wiki/Clearfield	Clearfield
/wiki/Clermont	Clermont
/wiki/Clinton	Clinton
/wiki/Clipperton	Clipperton
/wiki/Clovis	Clovis
/wiki/Cluff%27s_Stand	Cluff's Stand
/wiki/Cogdell	Cogdell
/wiki/Cohagen	Cohagen
/wiki/Cohay	Cohay
/wiki/Colchester	Colchester
/wiki/Colchis	Colchis
/wiki/Coldbrook	Coldbrook
/wiki/Cole_Harbour	Cole Harbour
/wiki/Colfax	Colfax
/wiki/Colia	Colia
/wiki/Colinas	Colinas
/wiki/Colleen	Colleen
/wiki/Colmar	Colmar
/wiki/Coloma	Coloma
/wiki/Colorado	Colorado
/wiki/Columbine	Columbine
/wiki/Epsilon_Pegasus	Epsilon Pegasus
/wiki/Conakry	Conakry
/wiki/Concord	Concord
/wiki/Conley%27s_Patch	Conley's Patch
/wiki/Connaught	Connaught
/wiki/Conquista	Conquista
/wiki/Conroe	Conroe
/wiki/Constance	Constance
/wiki/Conwy	Conwy
/wiki/Cooperland	Cooperland
/wiki/Coopertown	Coopertown
/wiki/Cor_Caroli	Cor Caroli
/wiki/Coraines	Coraines
/wiki/Corbeanca	Corbeanca
/wiki/Cordiagr	Cordiagr
/wiki/Corella	Corella
/wiki/Corey	Corey
/wiki/Corfu	Corfu
/wiki/Coriscana	Coriscana
/wiki/Cork	Cork
/wiki/Corodiz	Corodiz
/wiki/Coromodir	Coromodir
/wiki/Corridan	Corridan
/wiki/Corsica_Nueva	Corsica Nueva
/wiki/Corydon	Corydon
/wiki/Cosenza	Cosenza
/wiki/Cotocallao	Cotocallao
/wiki/Coudoux	Coudoux
/wiki/Courcellete	Courcellete
/wiki/Courchevel	Courchevel
/wiki/Courtney	Courtney
/wiki/Coventry	Coventry
/wiki/Covington	Covington
/wiki/Coyle	Coyle
/wiki/Cranston	Cranston
/wiki/Crawford	Crawford
/wiki/Crawford%27s_Delight	Crawford's Delight
/wiki/Cree	Cree
/wiki/Crellacor	Crellacor
/wiki/Cresson	Cresson
/wiki/Crestoblus	Crestoblus
/wiki/Vaj	Vaj
/wiki/Crichton	Crichton
/wiki/Crimond	Crimond
/wiki/Crofton	Crofton
/wiki/Cronulla	Cronulla
/wiki/Crossing	Crossing
/wiki/Cruz_Alta	Cruz Alta
/wiki/Cryfder	Cryfder
/wiki/Csesztreg	Csesztreg
/wiki/Csomad	Csomad
/wiki/Ctesiphon	Ctesiphon
/wiki/Culmia	Culmia
/wiki/Cumberland	Cumberland
/wiki/Cumbres	Cumbres
/wiki/Curaumilla	Curaumilla
/wiki/Cursa	Cursa
/wiki/Cusset	Cusset
/wiki/Custozza	Custozza
/wiki/Cygnus_(system)	Cygnus (system)
/wiki/Cygnus_X-1	Cygnus X-1
/wiki/Cylene	Cylene
/wiki/Cyrenaica	Cyrenaica
/wiki/Cyrene	Cyrene
/wiki/Cyrton	Cyrton
/wiki/Czarvowo	Czarvowo
/wiki/Dabih	Dabih
/wiki/Dagda_(Clan)	Dagda (Clan)
/wiki/Dagda_(LC)	Dagda (LC)
/wiki/Dahar	Dahar
/wiki/Dainmar_Majoris	Dainmar Majoris
/wiki/Dalcour	Dalcour
/wiki/Dalian	Dalian
/wiki/Dalkeith	Dalkeith
/wiki/Dalmantia	Dalmantia
/wiki/Dalton	Dalton
/wiki/Damevang	Damevang
/wiki/Damian	Damian
/wiki/Danais	Danais
/wiki/Daneshmand	Daneshmand
/wiki/Dania	Dania
/wiki/Daniels	Daniels
/wiki/Danli	Danli
/wiki/Dansur	Dansur
/wiki/Dante_(planet)	Dante (planet)
/wiki/Danxian	Danxian
/wiki/Danzig	Danzig
/wiki/Daol	Daol
/wiki/Dar-es-Salaam	Dar-es-Salaam
/wiki/Darius	Darius
/wiki/Dark_Nebula	Dark Nebula
/wiki/Darwendale	Darwendale
/wiki/Davetal	Davetal
/wiki/David	David
/wiki/Davisville	Davisville
/wiki/Dawn	Dawn
/wiki/Dayr_Khuna	Dayr Khuna
/wiki/Ddraig	Ddraig
/wiki/De_Berry	De Berry
/wiki/Decatur	Decatur
/wiki/Declan	Declan
/wiki/Decus	Decus
/wiki/Defiance_(system)	Defiance (system)
/wiki/Dehgolan	Dehgolan
/wiki/Deia	Deia
/wiki/Delacambre	Delacambre
/wiki/Delacruz	Delacruz
/wiki/Delagoa	Delagoa
/wiki/Delavan	Delavan
/wiki/Delios	Delios
/wiki/Delitzsch	Delitzsch
/wiki/Dell	Dell
/wiki/Delos	Delos
/wiki/Delos_VI	Delos VI
/wiki/Delphos	Delphos
/wiki/Demeter	Demeter
/wiki/Denbar	Denbar
/wiki/Deneb_Algedi	Deneb Algedi
/wiki/Deneb_Kaitos	Deneb Kaitos
/wiki/Denebola	Denebola
/wiki/Denizli	Denizli
/wiki/Derby	Derby
/wiki/Derf	Derf
/wiki/Des_Arc	Des Arc
/wiki/Deschenes	Deschenes
/wiki/Deshler	Deshler
/wiki/Desolate_Plains	Desolate Plains
/wiki/Detroit	Detroit
/wiki/Devil%27s_Breath	Devil's Breath
/wiki/Devil%27s_Rock	Devil's Rock
/wiki/Devin	Devin
/wiki/Deweidewd	Deweidewd
/wiki/DeWitt	DeWitt
/wiki/Dhaulgiri	Dhaulgiri
/wiki/D%C3%AC-fang	Dì-fang
/wiki/Diamantina	Diamantina
/wiki/Diass	Diass
/wiki/Diboll	Diboll
/wiki/Dicallus	Dicallus
/wiki/Dichell	Dichell
/wiki/Dickinson	Dickinson
/wiki/Dicon	Dicon
/wiki/Die_Moot	Die Moot
/wiki/Diedre%27s_Den	Diedre's Den
/wiki/Diefenbaker	Diefenbaker
/wiki/Dieron	Dieron
/wiki/Dieudonne	Dieudonne
/wiki/Diik	Diik
/wiki/Dili	Dili
/wiki/Dindatari	Dindatari
/wiki/Diosd	Diosd
/wiki/Dirk%27s_Gulf	Dirk's Gulf
/wiki/Dirkel	Dirkel
/wiki/Dixie	Dixie
/wiki/Dneiper	Dneiper
/wiki/Dnepropetrovsk	Dnepropetrovsk
/wiki/Dobson	Dobson
/wiki/Doggerbank	Doggerbank
/wiki/Dol	Dol
/wiki/Domain	Domain
/wiki/Domeyko	Domeyko
/wiki/Dompaire	Dompaire
/wiki/Donegal	Donegal
/wiki/Donenac	Donenac
/wiki/Doneval	Doneval
/wiki/Dorian%27s_Tears	Dorian's Tears
/wiki/Dormandaine	Dormandaine
/wiki/Dorpat	Dorpat
/wiki/Dortmund	Dortmund
/wiki/Dothan	Dothan
/wiki/Dove	Dove
/wiki/Dover	Dover
/wiki/Dowles	Dowles
/wiki/Drachenfeld	Drachenfeld
/wiki/Dragon%27s_Field	Dragon's Field
/wiki/Dralkig	Dralkig
/wiki/Drask%27s_Den	Drask's Den
/wiki/Dreadlord	Dreadlord
/wiki/Dresden	Dresden
/wiki/Drienfontein	Drienfontein
/wiki/Dromini	Dromini
/wiki/Drosendorf	Drosendorf
/wiki/Drozan	Drozan
/wiki/Drusibacken	Drusibacken
/wiki/Du_Lac	Du Lac
/wiki/Duantia	Duantia
/wiki/Dubhe	Dubhe
/wiki/Dukambia	Dukambia
/wiki/Dumaring	Dumaring
/wiki/Dumassas	Dumassas
/wiki/Dunianshire	Dunianshire
/wiki/Dunkerque	Dunkerque
/wiki/Durabon	Durabon
/wiki/Duran	Duran
/wiki/Durham	Durham
/wiki/Dustball	Dustball
/wiki/Duxford	Duxford
/wiki/Duxfort	Duxfort
/wiki/Dyev	Dyev
/wiki/Dyfed	Dyfed
/wiki/Eagle_Cloud_Complex	Eagle Cloud Complex
/wiki/Eagle_Rest	Eagle Rest
/wiki/Eaglesham	Eaglesham
/wiki/Early_Dawn	Early Dawn
/wiki/Eaton	Eaton
/wiki/Ebensburg	Ebensburg
/wiki/Ebro	Ebro
/wiki/EC-EY-4170	EC-EY-4170
/wiki/EC-EY-4189	EC-EY-4189
/wiki/EC821-387D	EC821-387D
/wiki/Echo	Echo
/wiki/Edasich	Edasich
/wiki/Eden	Eden
/wiki/Edmondson	Edmondson
/wiki/Edwards	Edwards
/wiki/Egress	Egress
/wiki/Eguilles	Eguilles
/wiki/Eidsfoss	Eidsfoss
/wiki/Eigerland	Eigerland
/wiki/Eilenburg	Eilenburg
/wiki/Eion	Eion
/wiki/Ejeda	Ejeda
/wiki/El_Dorado	El Dorado
/wiki/El_Giza	El Giza
/wiki/El_Kerak	El Kerak
/wiki/Elba	Elba
/wiki/Elbar	Elbar
/wiki/Elbing_(FWL)	Elbing (FWL)
/wiki/Elbing_(HL)	Elbing (HL)
/wiki/Electra	Electra
/wiki/Elektrougli	Elektrougli
/wiki/Eleusis	Eleusis
/wiki/Elgin	Elgin
/wiki/Elidere	Elidere
/wiki/Elissa	Elissa
/wiki/Elix	Elix
/wiki/Ellengurg	Ellengurg
/wiki/Ellijay	Ellijay
/wiki/Ellsworth	Ellsworth
/wiki/Elnath	Elnath
/wiki/Eltanin	Eltanin
/wiki/Elume	Elume
/wiki/Emar	Emar
/wiki/Emerson	Emerson
/wiki/Emporia	Emporia
/wiki/Emris_IV	Emris IV
/wiki/Enchi	Enchi
/wiki/Enders_Cluster	Enders Cluster
/wiki/Engadin	Engadin
/wiki/Engadine	Engadine
/wiki/Enif	Enif
/wiki/Enkoping	Enkoping
/wiki/Enkra	Enkra
/wiki/Entalun	Entalun
/wiki/Enzesfled	Enzesfled
/wiki/Eom	Eom
/wiki/Epsilon	Epsilon
/wiki/Epsilon_Eridani	Epsilon Eridani
/wiki/Epsilon_Indi	Epsilon Indi
/wiki/Erdvynn	Erdvynn
/wiki/Erewhon	Erewhon
/wiki/Erit_cluster	Erit cluster
/wiki/Erod%27s_Escape	Erod's Escape
/wiki/Eromanga	Eromanga
/wiki/Errai	Errai
/wiki/Eschenberg	Eschenberg
/wiki/Escobas	Escobas
/wiki/Espakeh	Espakeh
/wiki/Espia	Espia
/wiki/Esteros	Esteros
/wiki/Estuan	Estuan
/wiki/Esztergom	Esztergom
/wiki/Etiler	Etiler
/wiki/Euclid	Euclid
/wiki/Euschelus	Euschelus
/wiki/Eustatius	Eustatius
/wiki/Eutin	Eutin
/wiki/Evansville	Evansville
/wiki/Evciler	Evciler
/wiki/Everett	Everett
/wiki/Ewanrigg	Ewanrigg
/wiki/Exedor	Exedor
/wiki/Exeter	Exeter
/wiki/Fable	Fable
/wiki/Fadiffolu	Fadiffolu
/wiki/Fager	Fager
/wiki/Fagerholm	Fagerholm
/wiki/Fairfax	Fairfax
/wiki/Fairfield	Fairfield
/wiki/Faleolo	Faleolo
/wiki/Fallen_Stars	Fallen Stars
/wiki/Fallon	Fallon
/wiki/Fallry	Fallry
/wiki/False_Dawn	False Dawn
/wiki/Falsterbo_(DC)	Falsterbo (DC)
/wiki/Falsterbo_(HL)	Falsterbo (HL)
/wiki/Famdo	Famdo
/wiki/Fanardir	Fanardir
/wiki/Far_Reach	Far Reach
/wiki/Farcry	Farcry
/wiki/Farhome	Farhome
/wiki/Farnsworth	Farnsworth
/wiki/Farstar	Farstar
/wiki/Farwell	Farwell
/wiki/Fasa_(system)	Fasa (system)
/wiki/Fathepur	Fathepur
/wiki/Fatima	Fatima
/wiki/Fefferfer	Fefferfer
/wiki/Feijo	Feijo
/wiki/Fellanin	Fellanin
/wiki/Feltre	Feltre
/wiki/Ferihegy	Ferihegy
/wiki/Ferleiten	Ferleiten
/wiki/Ferranil	Ferranil
/wiki/Ferrara	Ferrara
/wiki/Ferreusvirgo	Ferreusvirgo
/wiki/Ferris	Ferris
/wiki/Ferris_(OC)	Ferris (OC)
/wiki/Fetsund	Fetsund
/wiki/Fianna	Fianna
/wiki/Fieferana	Fieferana
/wiki/Fiery_Plains	Fiery Plains
/wiki/Filtvelt	Filtvelt
/wiki/Fincastle	Fincastle
/wiki/Findal	Findal
/wiki/Finmark	Finmark
/wiki/Finnalon	Finnalon
/wiki/Finse	Finse
/wiki/Finsterwalde	Finsterwalde
/wiki/Firenze	Firenze
/wiki/Forkas	Forkas
/wiki/Firgrove	Firgrove
/wiki/Fjaldr	Fjaldr
/wiki/Fjernet	Fjernet
/wiki/Flannagan%27s_Nebulea	Flannagan's Nebulea
/wiki/Flatspin	Flatspin
/wiki/Flaum	Flaum
/wiki/Fletcher_(CC)	Fletcher (CC)
/wiki/Fletcher_(FWL)	Fletcher (FWL)
/wiki/Fletcher%27s_Feast	Fletcher's Feast
/wiki/Flintoft	Flintoft
/wiki/Florarda	Florarda
/wiki/Florida	Florida
/wiki/Flushing	Flushing
/wiki/Flychenia	Flychenia
/wiki/Flynn	Flynn
/wiki/Fomalhaut	Fomalhaut
/wiki/Foochow	Foochow
/wiki/Foot_Fall	Foot Fall
/wiki/Ford	Ford
/wiki/Fort_Loudon	Fort Loudon
/wiki/Fortymile	Fortymile
/wiki/Foster	Foster
/wiki/Franklin	Franklin
/wiki/Frankson	Frankson
/wiki/Franmalin	Franmalin
/wiki/Frazer	Frazer
/wiki/Fredotto	Fredotto
/wiki/Freedom	Freedom
/wiki/Freisland	Freisland
/wiki/Frobisher	Frobisher
/wiki/Fronc	Fronc
/wiki/Frondas	Frondas
/wiki/Fronde	Fronde
/wiki/Fr%C3%B6islandis	Fröislandis
/wiki/Fuentes	Fuentes
/wiki/Fugeres	Fugeres
/wiki/Fujidera	Fujidera
/wiki/Fukuroi	Fukuroi
/wiki/Furillo	Furillo
/wiki/Furud	Furud
/wiki/Futuna	Futuna
/wiki/Fuveau	Fuveau
/wiki/Fylovar	Fylovar
/wiki/Gabenstad	Gabenstad
/wiki/Gacrux	Gacrux
/wiki/Gaeri	Gaeri
/wiki/Gahral	Gahral
/wiki/Galatea	Galatea
/wiki/Galatia_III	Galatia III
/wiki/Galax	Galax
/wiki/Galedon	Galedon
/wiki/Galicia	Galicia
/wiki/Galisteo	Galisteo
/wiki/Gallatin	Gallatin
/wiki/Gallery	Gallery
/wiki/Gallis	Gallis
/wiki/Gallitzin	Gallitzin
/wiki/Galtor_III	Galtor III
/wiki/Galuzzo	Galuzzo
/wiki/Gambarare	Gambarare
/wiki/Gambier	Gambier
/wiki/Gambilon	Gambilon
/wiki/Gamlestolen	Gamlestolen
/wiki/Gamma_12901_FQ	Gamma 12901 FQ
/wiki/Gamma_1301_LW	Gamma 1301 LW
/wiki/Gamma_25098_3W	Gamma 25098 3W
/wiki/Gan_Singh	Gan Singh
/wiki/Gandy%27s_Luck	Gandy's Luck
/wiki/Gangtok	Gangtok
/wiki/Gannett	Gannett
/wiki/Ganshoren	Ganshoren
/wiki/Gant	Gant
/wiki/Gardnaus	Gardnaus
/wiki/Garotte	Garotte
/wiki/Garrison	Garrison
/wiki/Garstedt	Garstedt
/wiki/Gatchina	Gatchina
/wiki/Gatekeeper	Gatekeeper
/wiki/Gateway	Gateway
/wiki/Gatineau	Gatineau
/wiki/Gaul	Gaul
/wiki/Gei-Fu	Gei-Fu
/wiki/Geifer	Geifer
/wiki/Genf	Genf
/wiki/Genoa	Genoa
/wiki/Gettorf	Gettorf
/wiki/Ghaziabad	Ghaziabad
/wiki/Ghent	Ghent
/wiki/Ghorepani	Ghorepani
/wiki/Giausar	Giausar
/wiki/Gibbs	Gibbs
/wiki/Gibraltar	Gibraltar
/wiki/Gibson	Gibson
/wiki/Gienah	Gienah
/wiki/Gillfillan%27s_Gold	Gillfillan's Gold
/wiki/Gillingham	Gillingham
/wiki/Ginestra	Ginestra
/wiki/Gingeria	Gingeria
/wiki/Girondas	Girondas
/wiki/Gitarama	Gitarama
/wiki/Giverny	Giverny
/wiki/Givrodat	Givrodat
/wiki/Glabach	Glabach
/wiki/Gladius_(system)	Gladius (system)
/wiki/Glasgow	Glasgow
/wiki/Glengarry	Glengarry
/wiki/Glenlivet	Glenlivet
/wiki/Glenmora	Glenmora
/wiki/Glentworth	Glentworth
/wiki/Glevakha	Glevakha
/wiki/Glitnir	Glitnir
/wiki/Glory_(system)	Glory (system)
/wiki/Gniezno	Gniezno
/wiki/Goat_Path	Goat Path
/wiki/Goderich	Goderich
/wiki/Goetville	Goetville
/wiki/Goito	Goito
/wiki/Golandrinas	Golandrinas
/wiki/Goldlure	Goldlure
/wiki/Gomeisa	Gomeisa
/wiki/Goodna	Goodna
/wiki/Gorfynt	Gorfynt
/wiki/Gorgon_(system)	Gorgon (system)
/wiki/Gorki	Gorki
/wiki/Goshen	Goshen
/wiki/Goslar	Goslar
/wiki/Goth_Khakar	Goth Khakar
/wiki/Gotterdammerung	Gotterdammerung
/wiki/Goubellat	Goubellat
/wiki/Gouderak	Gouderak
/wiki/Graceland	Graceland
/wiki/Graham_IV	Graham IV
/wiki/Gram	Gram
/wiki/Gran	Gran
/wiki/Granada	Granada
/wiki/Grand_Base	Grand Base
/wiki/Granera	Granera
/wiki/Grankum	Grankum
/wiki/Grants_Station	Grants Station
/wiki/Graus	Graus
/wiki/Gravenhage	Gravenhage
/wiki/Gravensteen	Gravensteen
/wiki/Graz	Graz
/wiki/Great_Gorge	Great Gorge
/wiki/Great_X	Great X
/wiki/Greeley	Greeley
/wiki/Greenlaw	Greenlaw
/wiki/Greifswald	Greifswald
/wiki/Greypearl	Greypearl
/wiki/Griffith	Griffith
/wiki/Grobin	Grobin
/wiki/Gronholt	Gronholt
/wiki/Grootfontein	Grootfontein
/wiki/Grossbach	Grossbach
/wiki/Grosvenor	Grosvenor
/wiki/Groveld_III	Groveld III
/wiki/Grumium	Grumium
/wiki/Grunwald	Grunwald
/wiki/Gruyeres	Gruyeres
/wiki/Guangzho	Guangzho
/wiki/Guatavita	Guatavita
/wiki/Guldra	Guldra
/wiki/Gulf_Breeze	Gulf Breeze
/wiki/Gulkana	Gulkana
/wiki/Gunthar	Gunthar
/wiki/Gunzburg	Gunzburg
/wiki/Gurgaldar	Gurgaldar
/wiki/Gurnet	Gurnet
/wiki/Gurrnazovo	Gurrnazovo
/wiki/Gustrell	Gustrell
/wiki/Gwithian	Gwithian
/wiki/Gwynedd	Gwynedd
/wiki/Gypsum	Gypsum
/wiki/Haappajarvi	Haappajarvi
/wiki/Hachiman_(system)	Hachiman (system)
/wiki/Haddings	Haddings
/wiki/Hadnall	Hadnall
/wiki/Haerhbin	Haerhbin
/wiki/Haggard	Haggard
/wiki/Hagiwawa	Hagiwawa
/wiki/Hahira	Hahira
/wiki/Hainfeld	Hainfeld
/wiki/Hakkaido	Hakkaido
/wiki/Halesowen	Halesowen
/wiki/Halfway	Halfway
/wiki/Halgrim	Halgrim
/wiki/Halifax	Halifax
/wiki/Halkidik	Halkidik
/wiki/Hall	Hall
/wiki/Halla	Halla
/wiki/Halloran_V	Halloran V
/wiki/Halmyre_Deans	Halmyre Deans
/wiki/Halstead_Station	Halstead Station
/wiki/Hamal	Hamal
/wiki/Hamar	Hamar
/wiki/Hofn	Hofn
/wiki/Hamburg	Hamburg
/wiki/Hamilton_(LC)	Hamilton (LC)
/wiki/Hamilton_(FWL)	Hamilton (FWL)
/wiki/Hammer_(system)	Hammer (system)
/wiki/Handa	Handa
/wiki/Hanover	Hanover
/wiki/Hanseta	Hanseta
/wiki/Harbin	Harbin
/wiki/Hardcore	Hardcore
/wiki/Hardisey%27s_Haven	Hardisey's Haven
/wiki/Harlez	Harlez
/wiki/Harloc	Harloc
/wiki/Harminous	Harminous
/wiki/Harmony	Harmony
/wiki/Harpster	Harpster
/wiki/Harris	Harris
/wiki/Harrow%27s_Sun	Harrow's Sun
/wiki/Harsefeld	Harsefeld
/wiki/Hartshill	Hartshill
/wiki/Harvest	Harvest
/wiki/Hassad	Hassad
/wiki/Hassi_R%27mel	Hassi R'mel
/wiki/Hastur	Hastur
/wiki/Haublan	Haublan
/wiki/Havdhem	Havdhem
/wiki/Hawktor	Hawktor
/wiki/Haynesville	Haynesville
/wiki/Hazeldean	Hazeldean
/wiki/Hazelhurst	Hazelhurst
/wiki/Hean	Hean
/wiki/Heart_Fjord	Heart Fjord
/wiki/Heathville	Heathville
/wiki/Hecheng	Hecheng
/wiki/Hechnar	Hechnar
/wiki/Hector_(system)	Hector (system)
/wiki/Hednesford	Hednesford
/wiki/Hegel	Hegel
/wiki/Heidelburg	Heidelburg
/wiki/Heidrunn	Heidrunn
/wiki/Heiligendreuz	Heiligendreuz
/wiki/Helduza	Helduza
/wiki/Helen	Helen
/wiki/Heliat	Heliat
/wiki/Heligoland	Heligoland
/wiki/Helios_(planet)	Helios (planet)
/wiki/Helixmar	Helixmar
/wiki/Hell%27s_Paradise	Hell's Paradise
/wiki/Helland	Helland
/wiki/Hellespont	Hellespont
/wiki/Hellgate	Hellgate
/wiki/Hellos_Minor	Hellos Minor
/wiki/Helm	Helm
/wiki/Helsingfors	Helsingfors
/wiki/Helvetia	Helvetia
/wiki/Helvetica	Helvetica
/wiki/Hephzibah	Hephzibah
/wiki/Herat_(FS)	Herat (FS)
/wiki/Herbania	Herbania
/wiki/Here	Here
/wiki/Hergazil	Hergazil
/wiki/Hermagor	Hermagor
/wiki/Herndon	Herndon
/wiki/Herotitus	Herotitus
/wiki/Herrmaz	Herrmaz
/wiki/Herzberg	Herzberg
/wiki/Hesperus	Hesperus
/wiki/Hexare	Hexare
/wiki/Hiberius	Hiberius
/wiki/Hibernia	Hibernia
/wiki/Hibuarius	Hibuarius
/wiki/Hickok	Hickok
/wiki/Highspire	Highspire
/wiki/Hildaman	Hildaman
/wiki/Hillerod	Hillerod
/wiki/Hinckley	Hinckley
/wiki/Hindmarsh	Hindmarsh
/wiki/Hiratsuka	Hiratsuka
/wiki/Hirtshals	Hirtshals
/wiki/Hivrannee	Hivrannee
/wiki/Hoard	Hoard
/wiki/Hobbs	Hobbs
/wiki/Hobson	Hobson
/wiki/Hoensbroek	Hoensbroek
/wiki/Hoff	Hoff
/wiki/Hohenems	Hohenems
/wiki/Hollabrunn	Hollabrunn
/wiki/Holloway	Holloway
/wiki/Holloway_V	Holloway V
/wiki/Holmsbu	Holmsbu
/wiki/Holt	Holt
/wiki/Homam	Homam
/wiki/Home	Home
/wiki/Homer_(Clan)	Homer (Clan)
/wiki/Homestead	Homestead
/wiki/Hongor	Hongor
/wiki/Hongqiao	Hongqiao
/wiki/Hood_IV	Hood IV
/wiki/Hoonaar	Hoonaar
/wiki/Horatius	Horatius
/wiki/Horgens	Horgens
/wiki/Horneburg	Horneburg
/wiki/Hornir%27s_Keep	Hornir's Keep
/wiki/Horsham	Horsham
/wiki/Hortense	Hortense
/wiki/Hot_Springs	Hot Springs
/wiki/Housekarle	Housekarle
/wiki/Howick	Howick
/wiki/Howrah	Howrah
/wiki/Hoyleton	Hoyleton
/wiki/Hrafn	Hrafn
/wiki/Hsien	Hsien
/wiki/Huaide	Huaide
/wiki/Huan	Huan
/wiki/Hudeiba	Hudeiba
/wiki/Huesta	Huesta
/wiki/Humansville	Humansville
/wiki/Hun_Ho	Hun Ho
/wiki/Hunan	Hunan
/wiki/Hunter%27s_Paradise	Hunter's Paradise
/wiki/Huntington	Huntington
/wiki/Huntress	Huntress
/wiki/Hurgh	Hurgh
/wiki/Hurik	Hurik
/wiki/Huron	Huron
/wiki/Hustaing	Hustaing
/wiki/Hyades_Cluster	Hyades Cluster
/wiki/Hyalite	Hyalite
/wiki/Hyde	Hyde
/wiki/Hyner	Hyner
/wiki/Hyperion	Hyperion
/wiki/H%C3%A8-sh%C3%AC	Hè-shì
/wiki/H%C3%B3dmezov%C3%A1s%C3%A1rhely	Hódmezovásárhely
/wiki/Ibarra	Ibarra
/wiki/Ibstock	Ibstock
/wiki/Icar	Icar
/wiki/Ichlangis	Ichlangis
/wiki/Ichmandu	Ichmandu
/wiki/Ictus	Ictus
/wiki/Ideyld	Ideyld
/wiki/Idlewind	Idlewind
/wiki/Idrmach	Idrmach
/wiki/Ife	Ife
/wiki/Igualada	Igualada
/wiki/Iijima	Iijima
/wiki/Ikast	Ikast
/wiki/Iknogoro	Iknogoro
/wiki/Ildlandet	Ildlandet
/wiki/Ildrong	Ildrong
/wiki/Ilion	Ilion
/wiki/Illium	Illium
/wiki/Illiushin	Illiushin
/wiki/Illyria	Illyria
/wiki/Ilmachna	Ilmachna
/wiki/Ilmar	Ilmar
/wiki/Ilzra	Ilzra
/wiki/Imalda	Imalda
/wiki/Imbrial_III	Imbrial III
/wiki/Imbros_III	Imbros III
/wiki/Immenstadt	Immenstadt
/wiki/Ina	Ina
/wiki/Inarcs	Inarcs
/wiki/Inchicore	Inchicore
/wiki/Incukalns	Incukalns
/wiki/Independence	Independence
/wiki/Indicass	Indicass
/wiki/Indrapurai	Indrapurai
/wiki/Ingenstrem	Ingenstrem
/wiki/Ingersoll	Ingersoll
/wiki/Inglesmond	Inglesmond
/wiki/Ingonish	Ingonish
/wiki/Ingress	Ingress
/wiki/Ingvolstand	Ingvolstand
/wiki/Inman	Inman
/wiki/Inner_End	Inner End
/wiki/Inner_Surge	Inner Surge
/wiki/Interstellar_Expeditions_Base_14	Interstellar Expeditions Base 14
/wiki/Interstellar_Expeditions_Base_22	Interstellar Expeditions Base 22
/wiki/Interstellar_Expeditions_Base_6	Interstellar Expeditions Base 6
/wiki/Ionus	Ionus
/wiki/Ipava	Ipava
/wiki/Ipswich	Ipswich
/wiki/Irece	Irece
/wiki/Irian	Irian
/wiki/Iron_Land	Iron Land
/wiki/Ironhold	Ironhold
/wiki/Irurzun	Irurzun
/wiki/Isabela	Isabela
/wiki/Isesaki	Isesaki
/wiki/Isfahan	Isfahan
/wiki/Ishtar_(system)	Ishtar (system)
/wiki/Islamabad	Islamabad
/wiki/Islington	Islington
/wiki/Issaba	Issaba
/wiki/Itabaiana	Itabaiana
/wiki/Itica	Itica
/wiki/Ito	Ito
/wiki/Itrom	Itrom
/wiki/Itsbur	Itsbur
/wiki/Itzehoe	Itzehoe
/wiki/Izar	Izar
/wiki/Izmir	Izmir
/wiki/J-1256T	J-1256T
/wiki/Jaboatao	Jaboatao
/wiki/Jabuka	Jabuka
/wiki/Jacobabad	Jacobabad
/wiki/Jacomarle	Jacomarle
/wiki/Jacson	Jacson
/wiki/Jaipur	Jaipur
/wiki/Jamestown	Jamestown
/wiki/Janina	Janina
/wiki/Jansen%27s_Hold	Jansen's Hold
/wiki/Jardangal	Jardangal
/wiki/Jardine	Jardine
/wiki/Jarett	Jarett
/wiki/Jasmine	Jasmine
/wiki/Jatznik	Jatznik
/wiki/Jaumegarde	Jaumegarde
/wiki/Java	Java
/wiki/Jeanette	Jeanette
/wiki/Jeju	Jeju
/wiki/Jenet	Jenet
/wiki/Jeppens	Jeppens
/wiki/Jerangle	Jerangle
/wiki/Jeronimo	Jeronimo
/wiki/Jesenice	Jesenice
/wiki/Jesup	Jesup
/wiki/Jezersko	Jezersko
/wiki/Jia_Tian	Jia Tian
/wiki/Jibbet	Jibbet
/wiki/Jiddah	Jiddah
/wiki/Jilin	Jilin
/wiki/Joan%27s_Post	Joan's Post
/wiki/Johnson	Johnson
/wiki/Johnsondale	Johnsondale
/wiki/Jonathan	Jonathan
/wiki/Jonzac	Jonzac
/wiki/Joppa	Joppa
/wiki/Joradian_Cluster	Joradian Cluster
/wiki/Jordan_Wais	Jordan Wais
/wiki/Jorvikland	Jorvikland
/wiki/Joshua	Joshua
/wiki/Josselin	Josselin
/wiki/Jouques	Jouques
/wiki/Joyz	Joyz
/wiki/Juazeiro	Juazeiro
/wiki/Jubka	Jubka
/wiki/Junction	Junction
/wiki/June	June
/wiki/Jungar_Qi	Jungar Qi
/wiki/Junior	Junior
/wiki/J%C3%A1pminboddu	Jápminboddu
/wiki/J%C3%A1szber%C3%A9ny	Jászberény
/wiki/KA-418	KA-418
/wiki/Kabah	Kabah
/wiki/Kaesong	Kaesong
/wiki/Kaetet%C3%B4%C3%A3	Kaetetôã
/wiki/Kafr_Silim	Kafr Silim
/wiki/Kagoshima	Kagoshima
/wiki/Kaguyak	Kaguyak
/wiki/Kaifeng	Kaifeng
/wiki/Kaitangata	Kaitangata
/wiki/Kaiyuh	Kaiyuh
/wiki/Kajikazawa	Kajikazawa
/wiki/Kakada	Kakada
/wiki/Kaldu	Kaldu
/wiki/Kalidasa	Kalidasa
/wiki/Kalindam	Kalindam
/wiki/Kalmar_(FWL)	Kalmar (FWL)
/wiki/Kalmar_(HL)	Kalmar (HL)
/wiki/Kamarod	Kamarod
/wiki/Kamenz	Kamenz
/wiki/Kampen	Kampen
/wiki/Kanata	Kanata
/wiki/Kandersteg	Kandersteg
/wiki/Kandis	Kandis
/wiki/Kannon	Kannon
/wiki/Kanowit	Kanowit
/wiki/Kansu	Kansu
/wiki/Kanto	Kanto
/wiki/Karachi	Karachi
/wiki/Karakiraz	Karakiraz
/wiki/Karbala	Karbala
/wiki/Karkkila	Karkkila
/wiki/Karlstejn	Karlstejn
/wiki/Karpathos	Karpathos
/wiki/Karston	Karston
/wiki/Kasdach	Kasdach
/wiki/Kashilla	Kashilla
/wiki/Kathil	Kathil
/wiki/Katinka	Katinka
/wiki/Katla	Katla
/wiki/Katlehong	Katlehong
/wiki/Kaufermann	Kaufermann
/wiki/Kaumberg	Kaumberg
/wiki/Kaus_Australis	Kaus Australis
/wiki/Kaus_Borealis	Kaus Borealis
/wiki/Kaus_Media	Kaus Media
/wiki/Kautokeino	Kautokeino
/wiki/Kawabe	Kawabe
/wiki/Kawich	Kawich
/wiki/Kazanka	Kazanka
/wiki/Kazlam	Kazlam
/wiki/Kaznejoy	Kaznejoy
/wiki/Kazu	Kazu
/wiki/Kearny	Kearny
/wiki/Keeling	Keeling
/wiki/Keid	Keid
/wiki/Keihoku	Keihoku
/wiki/Kek	Kek
/wiki/Kelang	Kelang
/wiki/Kelenfold	Kelenfold
/wiki/Kempten	Kempten
/wiki/Kendall	Kendall
/wiki/Kenilworth	Kenilworth
/wiki/Kennard	Kennard
/wiki/Kent	Kent
/wiki/Kentares	Kentares
/wiki/Kentwood	Kentwood
/wiki/Kerensky%27s_Vision	Kerensky's Vision
/wiki/Kerman	Kerman
/wiki/Kern	Kern
/wiki/Kervil	Kervil
/wiki/Kesai	Kesai
/wiki/Kessel	Kessel
/wiki/Kestrel	Kestrel
/wiki/Kettering	Kettering
/wiki/Keuterville	Keuterville
/wiki/Keystone	Keystone
/wiki/Keytesville	Keytesville
/wiki/Khartoum	Khartoum
/wiki/Khi	Khi
/wiki/Khon_Kaen	Khon Kaen
/wiki/Ki_Zoban	Ki Zoban
/wiki/Kiamba	Kiamba
/wiki/Kiesen	Kiesen
/wiki/Kievanur	Kievanur
/wiki/Kigamboni	Kigamboni
/wiki/Kikuyu	Kikuyu
/wiki/Kilarney	Kilarney
/wiki/Kilbourne	Kilbourne
/wiki/Killarney	Killarney
/wiki/Killbourn	Killbourn
/wiki/Kilmarnock	Kilmarnock
/wiki/Kimball	Kimball
/wiki/Kimi	Kimi
/wiki/Kinbrace	Kinbrace
/wiki/Kingtribel	Kingtribel
/wiki/Kinkaid_II	Kinkaid II
/wiki/Kirbyville	Kirbyville
/wiki/Kirchbach	Kirchbach
/wiki/Kirei_Na_Niwa	Kirei Na Niwa
/wiki/Kirin	Kirin
/wiki/Kirkcaldy	Kirkcaldy
/wiki/Kirkenlaard	Kirkenlaard
/wiki/Kirklin	Kirklin
/wiki/Toch_Zu	Toch Zu
/wiki/Kiruna	Kiruna
/wiki/Kiserian	Kiserian
/wiki/Kitalpha	Kitalpha
/wiki/Kitopler	Kitopler
/wiki/Kittery	Kittery
/wiki/Kitzingen	Kitzingen
/wiki/Kiyev	Kiyev
/wiki/Kiyev_III	Kiyev III
/wiki/Kladnitsa	Kladnitsa
/wiki/Klamriz_V	Klamriz V
/wiki/Klathan	Klathan
/wiki/Klayne	Klayne
/wiki/Kleinwelt	Kleinwelt
/wiki/Klenkar	Klenkar
/wiki/Kluane	Kluane
/wiki/Knechee	Knechee
/wiki/Knutdor	Knutdor
/wiki/Knutstad	Knutstad
/wiki/Ko	Ko
/wiki/Kobe	Kobe
/wiki/Kochab	Kochab
/wiki/Kockengen	Kockengen
/wiki/Kogl	Kogl
/wiki/Kohlman	Kohlman
/wiki/Kokpekty	Kokpekty
/wiki/Kola	Kola
/wiki/Kolobrzeg	Kolobrzeg
/wiki/Kolovraty	Kolovraty
/wiki/Komephoros	Komephoros
/wiki/Koniz	Koniz
/wiki/Konopiste	Konopiste
/wiki/Konstance	Konstance
/wiki/Kooken%27s_Pleasure_Pit	Kooken's Pleasure Pit
/wiki/Koping_Chian	Koping Chian
/wiki/Korramabad	Korramabad
/wiki/Korvitz	Korvitz
/wiki/Kosciusko	Kosciusko
/wiki/Koskenkorva	Koskenkorva
/wiki/Kossandra%27s_Memory	Kossandra's Memory
/wiki/Kostinbrod	Kostinbrod
/wiki/Kotzebue	Kotzebue
/wiki/Koulen	Koulen
/wiki/Koumi	Koumi
/wiki/Kountze	Kountze
/wiki/Koury	Koury
/wiki/Kowloon	Kowloon
/wiki/Krakatau	Krakatau
/wiki/Kreller	Kreller
/wiki/Krenice	Krenice
/wiki/Krievci	Krievci
/wiki/Krimari	Krimari
/wiki/Krin	Krin
/wiki/Kristiandsund	Kristiandsund
/wiki/Krung_Thep	Krung Thep
/wiki/Kublenz	Kublenz
/wiki/Kufstein	Kufstein
/wiki/Kujari	Kujari
/wiki/Kumqwat	Kumqwat
/wiki/Kupang_(RWR)	Kupang (RWR)
/wiki/Kupang_(CC)	Kupang (CC)
/wiki/Kurhah	Kurhah
/wiki/Kurragin	Kurragin
/wiki/Kurvasa	Kurvasa
/wiki/Kutludugun	Kutludugun
/wiki/Kuzuu	Kuzuu
/wiki/Kvistgard	Kvistgard
/wiki/Kwamashu	Kwamashu
/wiki/Kwangchowwang	Kwangchowwang
/wiki/Kwangjong-ni	Kwangjong-ni
/wiki/Kyeinnisan	Kyeinnisan
/wiki/Kyrkbacken	Kyrkbacken
/wiki/K%C3%B6ln_(FWL)	Köln (FWL)
/wiki/K%C3%B6ln_(HL)	Köln (HL)
/wiki/K%C3%B6ningsberg	Köningsberg
/wiki/La_Blon	La Blon
/wiki/La_Grave	La Grave
/wiki/La_Ligua	La Ligua
/wiki/Labbezanga	Labbezanga
/wiki/Labouchere	Labouchere
/wiki/Labrea	Labrea
/wiki/Lacadon	Lacadon
/wiki/Lackhove	Lackhove
/wiki/Lackland	Lackland
/wiki/Laconis	Laconis
/wiki/Lahti	Lahti
/wiki/Laiaka	Laiaka
/wiki/Lamar	Lamar
/wiki/Lambrecht	Lambrecht
/wiki/Lamon	Lamon
/wiki/Lancaster	Lancaster
/wiki/Lancaster_(FWL)	Lancaster (FWL)
/wiki/Land%27s_End	Land's End
/wiki/Lande	Lande
/wiki/Landfall	Landfall
/wiki/Landmark	Landmark
/wiki/Landrum	Landrum
/wiki/Langhorne	Langhorne
/wiki/Laong	Laong
/wiki/Lapida_II	Lapida II
/wiki/Larned	Larned
/wiki/Larsha	Larsha
/wiki/Las_Tunas	Las Tunas
/wiki/Last_Chance	Last Chance
/wiki/Last_Frontier	Last Frontier
/wiki/Lastpost	Lastpost
/wiki/Latexo	Latexo
/wiki/Latice	Latice
/wiki/Launam	Launam
/wiki/Laureles	Laureles
/wiki/Laurent	Laurent
/wiki/Laurieston	Laurieston
/wiki/Layover	Layover
/wiki/Le_Blanc	Le Blanc
/wiki/Leamington	Leamington
/wiki/Lee	Lee
/wiki/Lee_Shore	Lee Shore
/wiki/Leganes	Leganes
/wiki/Leh	Leh
/wiki/Leipsic	Leipsic
/wiki/Leiston	Leiston
/wiki/Lemnos	Lemnos
/wiki/Lengkong	Lengkong
/wiki/Leoben	Leoben
/wiki/Lepaterique	Lepaterique
/wiki/Les_Halles	Les Halles
/wiki/Lesalles	Lesalles
/wiki/Leskovik	Leskovik
/wiki/Lesnovo	Lesnovo
/wiki/Leviathans_Rest	Leviathans Rest
/wiki/Leximon	Leximon
/wiki/Lexington	Lexington
/wiki/Leyda	Leyda
/wiki/Leyland	Leyland
/wiki/Lhasa	Lhasa
/wiki/Liao_(system)	Liao (system)
/wiki/Liberty	Liberty
/wiki/Liezen	Liezen
/wiki/Lihue	Lihue
/wiki/Lima	Lima
/wiki/Lincoln	Lincoln
/wiki/Lindassa	Lindassa
/wiki/Linden	Linden
/wiki/Lindenmarle	Lindenmarle
/wiki/Lindsay	Lindsay
/wiki/Ling	Ling
/wiki/Linhauiguan	Linhauiguan
/wiki/Linneus	Linneus
/wiki/Linqing	Linqing
/wiki/Lintz	Lintz
/wiki/Lipton	Lipton
/wiki/Listowel	Listowel
/wiki/Liu%27s_Memory	Liu's Memory
/wiki/Ljugarn	Ljugarn
/wiki/Loburg	Loburg
/wiki/Lochmantle	Lochmantle
/wiki/Lockdale	Lockdale
/wiki/Lockton	Lockton
/wiki/Loeches	Loeches
/wiki/Logan_Prime	Logan Prime
/wiki/Logan%27s_Land	Logan's Land
/wiki/Logandale	Logandale
/wiki/Logres	Logres
/wiki/Loikaw	Loikaw
/wiki/Lokoja	Lokoja
/wiki/Lonaconing	Lonaconing
/wiki/Londerholm	Londerholm
/wiki/Lone_Star	Lone Star
/wiki/Loongana	Loongana
/wiki/Loparri	Loparri
/wiki/Lopez	Lopez
/wiki/Lordinax	Lordinax
/wiki/Loric	Loric
/wiki/Lorkdal	Lorkdal
/wiki/Lost	Lost
/wiki/Lothair	Lothair
/wiki/Lothan	Lothan
/wiki/Lothario	Lothario
/wiki/Lovinac	Lovinac
/wiki/Loxley	Loxley
/wiki/Loyalty	Loyalty
/wiki/Loysville	Loysville
/wiki/Luanda	Luanda
/wiki/Lucerne	Lucerne
/wiki/Lucianca	Lucianca
/wiki/Luckla	Luckla
/wiki/Lucknow	Lucknow
/wiki/Luderitz	Luderitz
/wiki/Ludwig	Ludwig
/wiki/Ludwigshafen	Ludwigshafen
/wiki/Lukla	Lukla
/wiki/Lum	Lum
/wiki/Lummatii	Lummatii
/wiki/Lungdo	Lungdo
/wiki/Lupus_Cloud	Lupus Cloud
/wiki/Lurgatan	Lurgatan
/wiki/Lushann	Lushann
/wiki/Luthien	Luthien
/wiki/Luxani	Luxani
/wiki/Luxen	Luxen
/wiki/Luzerne	Luzerne
/wiki/Lyceum	Lyceum
/wiki/Lynchburg	Lynchburg
/wiki/Lyndon	Lyndon
/wiki/Lynn	Lynn
/wiki/Lyons	Lyons
/wiki/Lyreton	Lyreton
/wiki/Le%C3%B3n	León
/wiki/L%C3%BCbeck	Lübeck
/wiki/Ma%27anshan	Ma'anshan
/wiki/Machapuchre	Machapuchre
/wiki/Machida	Machida
/wiki/Macintosh	Macintosh
/wiki/Mackenzie	Mackenzie
/wiki/Mackolla	Mackolla
/wiki/Macksburg	Macksburg
/wiki/MacLeod%27s_Land	MacLeod's Land
/wiki/Macomb	Macomb
/wiki/Maderas	Maderas
/wiki/Madiun	Madiun
/wiki/Madras	Madras
/wiki/Maestu	Maestu
/wiki/Maharet	Maharet
/wiki/Mahone	Mahone
/wiki/Maia	Maia
/wiki/Main_Street	Main Street
/wiki/Maison	Maison
/wiki/Maisons	Maisons
/wiki/Malacca	Malacca
/wiki/Maladar	Maladar
/wiki/Malador_Cluster	Malador Cluster
/wiki/Malaga	Malaga
/wiki/Malagrotta	Malagrotta
/wiki/Malazan	Malazan
/wiki/Maldive	Maldive
/wiki/Maldonado	Maldonado
/wiki/Malibu	Malibu
/wiki/Mallory%27s_World	Mallory's World
/wiki/Manapire	Manapire
/wiki/Manaringaine	Manaringaine
/wiki/Manassas	Manassas
/wiki/Manaus	Manaus
/wiki/Mandal	Mandal
/wiki/Mandalas	Mandalas
/wiki/Mandaoaaru	Mandaoaaru
/wiki/Mandaree	Mandaree
/wiki/Mandate	Mandate
/wiki/Mandeville	Mandeville
/wiki/Manennaia	Manennaia
/wiki/Mangor	Mangor
/wiki/Mangzhangdian	Mangzhangdian
/wiki/Manihiki	Manihiki
/wiki/Mankova	Mankova
/wiki/Manksville	Manksville
/wiki/Mannedorf	Mannedorf
/wiki/Manotick	Manotick
/wiki/Mansfield	Mansfield
/wiki/Mansu-ri	Mansu-ri
/wiki/Manteno	Manteno
/wiki/Manx	Manx
/wiki/Mao	Mao
/wiki/Mara	Mara
/wiki/Marantha	Marantha
/wiki/Mararn	Mararn
/wiki/Marathon	Marathon
/wiki/Marawi	Marawi
/wiki/Marcus	Marcus
/wiki/Marduk	Marduk
/wiki/Marfik	Marfik
/wiki/Mariefred	Mariefred
/wiki/Marielund	Marielund
/wiki/Marik	Marik
/wiki/Maripa	Maripa
/wiki/Mahrah	Mahrah
/wiki/Marisura	Marisura
/wiki/Maritgues	Maritgues
/wiki/Marius%27s_Tears	Marius's Tears
/wiki/Markab	Markab
/wiki/Markesan	Markesan
/wiki/Marknick	Marknick
/wiki/Marlette	Marlette
/wiki/Marlowe%27s_Rift	Marlowe's Rift
/wiki/Marodzi	Marodzi
/wiki/Marsalle	Marsalle
/wiki/Marshall	Marshall
/wiki/Marshdale	Marshdale
/wiki/Mas	Mas
/wiki/Masterson	Masterson
/wiki/Masterton	Masterton
/wiki/Matamoras	Matamoras
/wiki/Matar_(system)	Matar (system)
/wiki/Matheran	Matheran
/wiki/Matsu	Matsu
/wiki/Matsuida	Matsuida
/wiki/Mattisskogen	Mattisskogen
/wiki/Mauckport	Mauckport
/wiki/Maule	Maule
/wiki/Mauna_Loa	Mauna Loa
/wiki/Mauripur	Mauripur
/wiki/Mavegh	Mavegh
/wiki/Maxie%27s_Planet	Maxie's Planet
/wiki/Maximillian	Maximillian
/wiki/Maxwell	Maxwell
/wiki/Mayenne	Mayenne
/wiki/Mayetta	Mayetta
/wiki/Maynard	Maynard
/wiki/Mazdru	Mazdru
/wiki/McAffe	McAffe
/wiki/McAlister	McAlister
/wiki/McComb	McComb
/wiki/McEvans%27_Sacrifice	McEvans' Sacrifice
/wiki/McEvedy%27s_Folly	McEvedy's Folly
/wiki/McGehee	McGehee
/wiki/McHenry	McHenry
/wiki/McKellan	McKellan
/wiki/McKenna_(system)	McKenna (system)
/wiki/McRae	McRae
/wiki/Meacham	Meacham
/wiki/Meadowvale	Meadowvale
/wiki/Mearra	Mearra
/wiki/Mechdur	Mechdur
/wiki/Medellin	Medellin
/wiki/Medron	Medron
/wiki/Medzev	Medzev
/wiki/Megarez	Megarez
/wiki/Megaris	Megaris
/wiki/Meghy	Meghy
/wiki/Megiddo	Megiddo
/wiki/Megrez	Megrez
/wiki/Meilen	Meilen
/wiki/Meinacos	Meinacos
/wiki/Meinhof	Meinhof
/wiki/Meinrad	Meinrad
/wiki/Mejicanos	Mejicanos
/wiki/Melcher	Melcher
/wiki/Melidron	Melidron
/wiki/Melilla	Melilla
/wiki/Melissia	Melissia
/wiki/Melk	Melk
/wiki/Melville	Melville
/wiki/Memmingen	Memmingen
/wiki/Memphis	Memphis
/wiki/Mendham	Mendham
/wiki/Menion	Menion
/wiki/Menkalinan	Menkalinan
/wiki/Menkar	Menkar
/wiki/Menke	Menke
/wiki/Menkent	Menkent
/wiki/Menkib	Menkib
/wiki/Mentasta	Mentasta
/wiki/Merak	Merak
/wiki/Mercedes	Mercedes
/wiki/Merdal	Merdal
/wiki/Meribah	Meribah
/wiki/Merlin_(system)	Merlin (system)
/wiki/Merlynpede	Merlynpede
/wiki/Mermentau	Mermentau
/wiki/Merope	Merope
/wiki/Merowinger	Merowinger
/wiki/Mersa_Matruh	Mersa Matruh
/wiki/Merton	Merton
/wiki/Mesa_Verde	Mesa Verde
/wiki/Mesartim	Mesartim
/wiki/Mesozoa	Mesozoa
/wiki/Metter	Metter
/wiki/Mezzana	Mezzana
/wiki/Miaplacidus	Miaplacidus
/wiki/Mica_I	Mica I
/wiki/Mica_V	Mica V
/wiki/Mica_VII	Mica VII
/wiki/Michtal	Michtal
/wiki/Mickleover	Mickleover
/wiki/Micros_III	Micros III
/wiki/Midale	Midale
/wiki/Midden	Midden
/wiki/Midkiff	Midkiff
/wiki/Midthun	Midthun
/wiki/Midway	Midway
/wiki/Millerton	Millerton
/wiki/Milligan	Milligan
/wiki/Milligan%27s_World	Milligan's World
/wiki/Millray	Millray
/wiki/Millungera	Millungera
/wiki/Milnerton	Milnerton
/wiki/Milos	Milos
/wiki/Milton	Milton
/wiki/Milvano	Milvano
/wiki/Minakuchi	Minakuchi
/wiki/Minderoo	Minderoo
/wiki/Mindrel	Mindrel
/wiki/Minette	Minette
/wiki/Minnacora	Minnacora
/wiki/Minowa	Minowa
/wiki/Miquelon	Miquelon
/wiki/Mira	Mira
/wiki/Mirach	Mirach
/wiki/Mirage	Mirage
/wiki/Mirfak	Mirfak
/wiki/Misery	Misery
/wiki/Mishkadrill	Mishkadrill
/wiki/Mississauga	Mississauga
/wiki/Mitchel	Mitchel
/wiki/Mitchella	Mitchella
/wiki/Mithron	Mithron
/wiki/Miyada	Miyada
/wiki/Miyako	Miyako
/wiki/Miyazaki	Miyazaki
/wiki/Mizar	Mizar
/wiki/Mizdargh	Mizdargh
/wiki/Mizt	Mizt
/wiki/Mizunami	Mizunami
/wiki/Mkuranga	Mkuranga
/wiki/Modesto	Modesto
/wiki/Mogabouti	Mogabouti
/wiki/Mogyorod	Mogyorod
/wiki/Moh%C3%A1cs	Mohács
/wiki/Mokane	Mokane
/wiki/Mokpo	Mokpo
/wiki/Molino	Molino
/wiki/Molokai	Molokai
/wiki/Mondra	Mondra
/wiki/Monhegan	Monhegan
/wiki/Monistrol	Monistrol
/wiki/Monongahela	Monongahela
/wiki/Monroe	Monroe
/wiki/Montcoal	Montcoal
/wiki/Monthey	Monthey
/wiki/Montmarault	Montmarault
/wiki/Montour	Montour
/wiki/Montsegur	Montsegur
/wiki/Monywa	Monywa
/wiki/Moore	Moore
/wiki/Moravian	Moravian
/wiki/Mordialloc	Mordialloc
/wiki/Morgan%27s_Holdfast	Morgan's Holdfast
/wiki/Morges	Morges
/wiki/Moriguchi	Moriguchi
/wiki/Moritz	Moritz
/wiki/Morningside	Morningside
/wiki/Moroney	Moroney
/wiki/Morrigan_(LC)	Morrigan (LC)
/wiki/Morrill	Morrill
/wiki/Morthac	Morthac
/wiki/Morven	Morven
/wiki/Mosiro	Mosiro
/wiki/Moultrie	Moultrie
/wiki/Mozirje	Mozirje
/wiki/Mualang	Mualang
/wiki/Multan	Multan
/wiki/Mumbai	Mumbai
/wiki/Mundo_Nublar	Mundo Nublar
/wiki/Mundrabilla	Mundrabilla
/wiki/Muphrid	Muphrid
/wiki/Murchison	Murchison
/wiki/Muridox	Muridox
/wiki/Murmansk	Murmansk
/wiki/Muroto	Muroto
/wiki/Murrain	Murrain
/wiki/Murris	Murris
/wiki/Muscida	Muscida
/wiki/Muskegon	Muskegon
/wiki/Muswell	Muswell
/wiki/Myrrdin	Myrrdin
/wiki/Myrvoll	Myrvoll
/wiki/Mytilene	Mytilene
/wiki/Naco	Naco
/wiki/Nadrin	Nadrin
/wiki/Nagel	Nagel
/wiki/Nahoni	Nahoni
/wiki/Nai-Stohl	Nai-Stohl
/wiki/Naikongzu	Naikongzu
/wiki/Naissus	Naissus
/wiki/Najha	Najha
/wiki/Naka_Pabni	Naka Pabni
/wiki/Nakaojo	Nakaojo
/wiki/Nam_Dinh	Nam Dinh
/wiki/Namen	Namen
/wiki/Nanking	Nanking
/wiki/Nara	Nara
/wiki/Narellan	Narellan
/wiki/Naryn	Naryn
/wiki/Nashira	Nashira
/wiki/Nashuar	Nashuar
/wiki/Nathan	Nathan
/wiki/Navarre	Navarre
/wiki/Necedah	Necedah
/wiki/Necromo	Necromo
/wiki/Neerabup	Neerabup
/wiki/Negushevo	Negushevo
/wiki/Nekkar	Nekkar
/wiki/Neosho	Neosho
/wiki/Nerum	Nerum
/wiki/Nestor	Nestor
/wiki/Neukirchen	Neukirchen
/wiki/New_Aberdeen	New Aberdeen
/wiki/New_Abilene	New Abilene
/wiki/New_Aragon	New Aragon
/wiki/New_Athens	New Athens
/wiki/New_Avalon	New Avalon
/wiki/New_Bergen	New Bergen
/wiki/New_Caledonia	New Caledonia
/wiki/New_Canton	New Canton
/wiki/New_Capetown	New Capetown
/wiki/New_Ceylon	New Ceylon
/wiki/New_Crete	New Crete
/wiki/New_Dallas	New Dallas
/wiki/New_Damascus	New Damascus
/wiki/New_Delos	New Delos
/wiki/New_Delphi	New Delphi
/wiki/New_Earth	New Earth
/wiki/New_Exford	New Exford
/wiki/New_Florence	New Florence
/wiki/New_Galicia	New Galicia
/wiki/New_Ganymede	New Ganymede
/wiki/New_Gascony	New Gascony
/wiki/New_Hati	New Hati
/wiki/New_Hessen	New Hessen
/wiki/New_Home	New Home
/wiki/New_Hope	New Hope
/wiki/New_India	New India
/wiki/New_Ivaarsen	New Ivaarsen
/wiki/New_Kent	New Kent
/wiki/New_Kyoto	New Kyoto
/wiki/New_London	New London
/wiki/New_Macao	New Macao
/wiki/New_Mendham	New Mendham
/wiki/New_Olympia	New Olympia
/wiki/New_Oslo	New Oslo
/wiki/New_Port_Royal	New Port Royal
/wiki/New_Praha	New Praha
/wiki/New_Rhodes_III	New Rhodes III
/wiki/New_Roland	New Roland
/wiki/New_Sagan	New Sagan
/wiki/New_Samarkand	New Samarkand
/wiki/New_Sapporo	New Sapporo
/wiki/New_Sarum	New Sarum
/wiki/New_Sierra	New Sierra
/wiki/Newtown_Square	Newtown Square
/wiki/New_St._Andrews	New St. Andrews
/wiki/New_Start	New Start
/wiki/New_Stevens	New Stevens
/wiki/New_Sumatra	New Sumatra
/wiki/New_Syrtis	New Syrtis
/wiki/New_Texas	New Texas
/wiki/New_Troy	New Troy
/wiki/New_Valencia	New Valencia
/wiki/New_Vallis	New Vallis
/wiki/New_Vandenberg	New Vandenberg
/wiki/New_Venice	New Venice
/wiki/New_Wessex	New Wessex
/wiki/New_Westin	New Westin
/wiki/New_%C3%85lborg	New Ålborg
/wiki/Newcastle	Newcastle
/wiki/Newton	Newton
/wiki/Nexus_Ri	Nexus Ri
/wiki/Ngake	Ngake
/wiki/Niangol	Niangol
/wiki/Nichol%27s_Rest	Nichol's Rest
/wiki/Nightwish	Nightwish
/wiki/Nihal	Nihal
/wiki/Niihau	Niihau
/wiki/Niles_(DC)	Niles (DC)
/wiki/Niles_(Clan)	Niles (Clan)
/wiki/Ningpo	Ningpo
/wiki/Ningxia	Ningxia
/wiki/Niomede	Niomede
/wiki/Niops	Niops
/wiki/Niquinohomo	Niquinohomo
/wiki/Nirasaki	Nirasaki
/wiki/Nis	Nis
/wiki/Nito	Nito
/wiki/Nizina	Nizina
/wiki/No_Return	No Return
/wiki/Noatak	Noatak
/wiki/Nobel	Nobel
/wiki/Nockatunga	Nockatunga
/wiki/Nogales	Nogales
/wiki/Noh-wan_Hohm	Noh-wan Hohm
/wiki/Noisiel	Noisiel
/wiki/Non_Diz	Non Diz
/wiki/Nopah	Nopah
/wiki/Norfolk	Norfolk
/wiki/Norman%27s_World	Norman's World
/wiki/Northfield	Northfield
/wiki/Northsun	Northsun
/wiki/Northwind	Northwind
/wiki/Notwina	Notwina
/wiki/Nouasseur	Nouasseur
/wiki/Nouveau_Toulouse	Nouveau Toulouse
/wiki/Nouveaux_Paris	Nouveaux Paris
/wiki/Nova_Roma	Nova Roma
/wiki/Novara	Novara
/wiki/Novaya_Zemlya	Novaya Zemlya
/wiki/Novgorod	Novgorod
/wiki/Novo_Franklin	Novo Franklin
/wiki/Novo_Tressida	Novo Tressida
/wiki/Nowhere	Nowhere
/wiki/Nox	Nox
/wiki/Nuelson_Minor	Nuelson Minor
/wiki/Nukus	Nukus
/wiki/Nullarbor	Nullarbor
/wiki/Numenor	Numenor
/wiki/Numki	Numki
/wiki/Nuneaton	Nuneaton
/wiki/Nunivak	Nunivak
/wiki/Nusakan	Nusakan
/wiki/Nyasa	Nyasa
/wiki/Nykvarn	Nykvarn
/wiki/Nyserta	Nyserta
/wiki/O%27Fallon	O'Fallon
/wiki/Oberon	Oberon
/wiki/Obrenovac	Obrenovac
/wiki/Oceana	Oceana
/wiki/Odabasi	Odabasi
/wiki/Odawara	Odawara
/wiki/Odell	Odell
/wiki/Odessa	Odessa
/wiki/Offerman	Offerman
/wiki/Ogano	Ogano
/wiki/Ogilvie	Ogilvie
/wiki/Ohrensen	Ohrensen
/wiki/Okains	Okains
/wiki/Okaya	Okaya
/wiki/Okefenokee	Okefenokee
/wiki/Olafsvik	Olafsvik
/wiki/Olancha	Olancha
/wiki/Old_Canton	Old Canton
/wiki/Old_Kentucky	Old Kentucky
/wiki/Oldsmith	Oldsmith
/wiki/Oli	Oli
/wiki/Oligar	Oligar
/wiki/Olindo	Olindo
/wiki/Oliver	Oliver
/wiki/Oltepesi	Oltepesi
/wiki/Omagh	Omagh
/wiki/Onverwacht	Onverwacht
/wiki/Orbisonia	Orbisonia
/wiki/Ordino	Ordino
/wiki/Orestes	Orestes
/wiki/Organo	Organo
/wiki/Oriente	Oriente
/wiki/Orkney_(LC)	Orkney (LC)
/wiki/Orkney_(TC)	Orkney (TC)
/wiki/Ormal	Ormal
/wiki/Ormstown	Ormstown
/wiki/Oscar	Oscar
/wiki/Oshika	Oshika
/wiki/Osmus_Saar	Osmus Saar
/wiki/Osset	Osset
/wiki/Osumi	Osumi
/wiki/Otho	Otho
/wiki/Otisberg	Otisberg
/wiki/Ottumwa	Ottumwa
/wiki/Silence	Silence
/wiki/Ourem	Ourem
/wiki/Outer_Volta	Outer Volta
/wiki/Outpost_(system)	Outpost (system)
/wiki/Outreach	Outreach
/wiki/Ovan	Ovan
/wiki/Overton	Overton
/wiki/Oyevaina	Oyevaina
/wiki/Ozawa	Ozawa
/wiki/P3	P3
/wiki/P9	P9
/wiki/Paches	Paches
/wiki/Paf	Paf
/wiki/Pain	Pain
/wiki/Pajarito	Pajarito
/wiki/Palladaine	Palladaine
/wiki/Palladix	Palladix
/wiki/Palm	Palm
/wiki/Palmyra	Palmyra
/wiki/Palos	Palos
/wiki/Pandora	Pandora
/wiki/Pangkalan	Pangkalan
/wiki/Panjang	Panjang
/wiki/Panpour	Panpour
/wiki/Panzyr	Panzyr
/wiki/Paracale	Paracale
/wiki/Paradise	Paradise
/wiki/Parakoila	Parakoila
/wiki/Paran	Paran
/wiki/Pardeau	Pardeau
/wiki/Parian	Parian
/wiki/Paris	Paris
/wiki/Park_Place	Park Place
/wiki/Parma	Parma
/wiki/Parvan	Parvan
/wiki/Pascagoula	Pascagoula
/wiki/Pasemah	Pasemah
/wiki/Pasig	Pasig
/wiki/Patan	Patan
/wiki/Pattison	Pattison
/wiki/Pattonsbrug	Pattonsbrug
/wiki/Paulding	Paulding
/wiki/Paulinus	Paulinus
/wiki/Paulus_Prime	Paulus Prime
/wiki/Placida	Placida
/wiki/Pavia	Pavia
/wiki/Paxon	Paxon
/wiki/Payia	Payia
/wiki/Payvand	Payvand
/wiki/Peabody	Peabody
/wiki/Peacock	Peacock
/wiki/Pec	Pec
/wiki/Pegasi	Pegasi
/wiki/Pell	Pell
/wiki/Pella_II	Pella II
/wiki/Pencader	Pencader
/wiki/Penobscot	Penobscot
/wiki/Pentvar	Pentvar
/wiki/Perdido	Perdido
/wiki/Perdition	Perdition
/wiki/Perkasie	Perkasie
/wiki/Pernik	Pernik
/wiki/Persistence	Persistence
/wiki/Pesht	Pesht
/wiki/Petrolia	Petrolia
/wiki/Phact	Phact
/wiki/Phalan	Phalan
/wiki/Pharos	Pharos
/wiki/Phecda	Phecda
/wiki/Pherkad	Pherkad
/wiki/Philadelphia	Philadelphia
/wiki/Piedmont	Piedmont
/wiki/Pierce	Pierce
/wiki/Pietermaritzburg	Pietermaritzburg
/wiki/Pike_IV	Pike IV
/wiki/Pilkhua	Pilkhua
/wiki/Pillory	Pillory
/wiki/Pilon	Pilon
/wiki/Pilpala	Pilpala
/wiki/Pinard	Pinard
/wiki/Pingree	Pingree
/wiki/Pinnacle	Pinnacle
/wiki/Pioche	Pioche
/wiki/Pirates%27_Haven	Pirates' Haven
/wiki/Piriapolis	Piriapolis
/wiki/Pitkin	Pitkin
/wiki/Pivot_Prime	Pivot Prime
/wiki/Planting	Planting
/wiki/Plataea	Plataea
/wiki/Pleiades_Cluster	Pleiades Cluster
/wiki/Pleione	Pleione
/wiki/Pliska	Pliska
/wiki/Plymouth	Plymouth
/wiki/Pobeda	Pobeda
/wiki/Pocologan	Pocologan
/wiki/Point_Barrow_(System)	Point Barrow (System)
/wiki/Pojos	Pojos
/wiki/Pokhara	Pokhara
/wiki/Polcenigo	Polcenigo
/wiki/Pollux	Pollux
/wiki/Pomme_De_Terre	Pomme De Terre
/wiki/Pompey	Pompey
/wiki/Pondicherry	Pondicherry
/wiki/Porrima	Porrima
/wiki/Port_Arthur	Port Arthur
/wiki/Port_Moseby	Port Moseby
/wiki/Porthos	Porthos
/wiki/Portland	Portland
/wiki/Potwin	Potwin
/wiki/Poulsbo	Poulsbo
/wiki/Poznan	Poznan
/wiki/Prato	Prato
/wiki/Praxton	Praxton
/wiki/Predlitz	Predlitz
/wiki/Premana	Premana
/wiki/Pressby	Pressby
/wiki/Pressville	Pressville
/wiki/Preston_(CC)	Preston (CC)
/wiki/Preston_(FWL)	Preston (FWL)
/wiki/Primus_(system)	Primus (system)
/wiki/Principia	Principia
/wiki/Princton	Princton
/wiki/Prinis_Prime	Prinis Prime
/wiki/Priori	Priori
/wiki/Prix	Prix
/wiki/Procyon	Procyon
/wiki/Promised_Land	Promised Land
/wiki/Propus	Propus
/wiki/Proserpina	Proserpina
/wiki/Protection	Protection
/wiki/Prydain	Prydain
/wiki/Pula	Pula
/wiki/Purvo	Purvo
/wiki/Pusht-i-rud	Pusht-i-rud
/wiki/Puttalam	Puttalam
/wiki/P%C3%A9rigueux	Périgueux
/wiki/Qalzi	Qalzi
/wiki/Qanatir	Qanatir
/wiki/Qandahar	Qandahar
/wiki/Qarahta	Qarahta
/wiki/Quantraine	Quantraine
/wiki/Quarell	Quarell
/wiki/Quatre_Belle	Quatre Belle
/wiki/Quelimane	Quelimane
/wiki/Quemoy	Quemoy
/wiki/Quentin	Quentin
/wiki/Quiberas	Quiberas
/wiki/Quilino	Quilino
/wiki/Quimberton	Quimberton
/wiki/Quimper_(CrM)	Quimper (CrM)
/wiki/Quincy	Quincy
/wiki/Quines	Quines
/wiki/Quittacas	Quittacas
/wiki/Qurayyat	Qurayyat
/wiki/Raballa	Raballa
/wiki/Radlje	Radlje
/wiki/Radostov	Radostov
/wiki/Radstadt	Radstadt
/wiki/Raetia	Raetia
/wiki/Ragusa	Ragusa
/wiki/Rahne	Rahne
/wiki/Rajkot	Rajkot
/wiki/Raldamax	Raldamax
/wiki/Raman	Raman
/wiki/Ramen_II	Ramen II
/wiki/Ramgarh	Ramgarh
/wiki/Ramona	Ramona
/wiki/Ramora	Ramora
/wiki/Ramsau	Ramsau
/wiki/Ramsey	Ramsey
/wiki/Randar	Randar
/wiki/Randis_IV	Randis IV
/wiki/Raphael	Raphael
/wiki/Rapla	Rapla
/wiki/Rasalas	Rasalas
/wiki/Rasalgethi	Rasalgethi
/wiki/Rasalhague	Rasalhague
/wiki/Rastaban	Rastaban
/wiki/Recife	Recife
/wiki/Redfield	Redfield
/wiki/Redondo	Redondo
/wiki/Reese_Station	Reese Station
/wiki/Refuel_Base_Gamma	Refuel Base Gamma
/wiki/St._Andreas	St. Andreas
/wiki/Regis_Roost	Regis Roost
/wiki/Regulus	Regulus
/wiki/Reinbak	Reinbak
/wiki/Reinhardstein	Reinhardstein
/wiki/Reisling%27s_Planet	Reisling's Planet
/wiki/Reisterstown	Reisterstown
/wiki/Relevow	Relevow
/wiki/Remagen	Remagen
/wiki/Remis	Remis
/wiki/Remshield	Remshield
/wiki/Remulac	Remulac
/wiki/Renfield	Renfield
/wiki/Rennes	Rennes
/wiki/Renorsal	Renorsal
/wiki/Renown	Renown
/wiki/Renren	Renren
/wiki/Rentz	Rentz
/wiki/Repulse	Repulse
/wiki/Rest_Stop	Rest Stop
/wiki/Restitution	Restitution
/wiki/Revel	Revel
/wiki/Revivim	Revivim
/wiki/Rexburg	Rexburg
/wiki/Reykavis	Reykavis
/wiki/Rezak%27s_Hole	Rezak's Hole
/wiki/Richmond	Richmond
/wiki/Richvale	Richvale
/wiki/Ridderkerk	Ridderkerk
/wiki/Ridgebrook	Ridgebrook
/wiki/Riga_(HL)	Riga (HL)
/wiki/Rigil_Kentarus	Rigil Kentarus
/wiki/Rijeka	Rijeka
/wiki/Rim_Worlds_Republic_Outpost_4	Rim Worlds Republic Outpost 4
/wiki/Rim_Worlds_Republic_Outpost_11	Rim Worlds Republic Outpost 11
/wiki/Rim_Worlds_Republic_Outpost_7	Rim Worlds Republic Outpost 7
/wiki/Rio	Rio
/wiki/Risin	Risin
/wiki/Roadside	Roadside
/wiki/Robinson	Robinson
/wiki/Robsart	Robsart
/wiki/Roche	Roche
/wiki/Rochelle	Rochelle
/wiki/Rochers	Rochers
/wiki/Rochester	Rochester
/wiki/Rockland	Rockland
/wiki/Rockwellawan	Rockwellawan
/wiki/Rocky	Rocky
/wiki/Rodigo	Rodigo
/wiki/Rohinjan	Rohinjan
/wiki/Rollis	Rollis
/wiki/Romita	Romita
/wiki/Romulus	Romulus
/wiki/Rondane	Rondane
/wiki/Rondon	Rondon
/wiki/Ronel	Ronel
/wiki/Rosamond	Rosamond
/wiki/Roscoff	Roscoff
/wiki/Rosendal	Rosendal
/wiki/Rosepine	Rosepine
/wiki/Rosetta	Rosetta
/wiki/Rosice	Rosice
/wiki/Rosiclare	Rosiclare
/wiki/Ross_248	Ross 248
/wiki/Rover_(system)	Rover (system)
/wiki/Rowe	Rowe
/wiki/Roxborough	Roxborough
/wiki/Royal	Royal
/wiki/Royal_Foxx	Royal Foxx
/wiki/Royalston	Royalston
/wiki/Rubigen	Rubigen
/wiki/Ruchbah	Ruchbah
/wiki/Rudolpho	Rudolpho
/wiki/Rukbat	Rukbat
/wiki/Runrig	Runrig
/wiki/Ruschegg	Ruschegg
/wiki/Rushaven	Rushaven
/wiki/Ryans_Fate	Ryans Fate
/wiki/Ryde	Ryde
/wiki/Ryerson	Ryerson
/wiki/Rypful	Rypful
/wiki/Rzhishchev	Rzhishchev
/wiki/Saaremaa	Saaremaa
/wiki/Sabanillas	Sabanillas
/wiki/Sabhal_M%C3%B2r_Ostaig	Sabhal Mòr Ostaig
/wiki/Sabik	Sabik
/wiki/Sakuranoki	Sakuranoki
/wiki/Sackville	Sackville
/wiki/Sadachbia	Sadachbia
/wiki/Sadalbari	Sadalbari
/wiki/Sador	Sador
/wiki/Sadurni	Sadurni
/wiki/Safe_Port	Safe Port
/wiki/Saffel	Saffel
/wiki/Saginaw	Saginaw
/wiki/Saiph	Saiph
/wiki/Sakai	Sakai
/wiki/Sakhalin_(CC)	Sakhalin (CC)
/wiki/Sakhalin_(LC)	Sakhalin (LC)
/wiki/Sakhara_V	Sakhara V
/wiki/Salardion	Salardion
/wiki/Salem	Salem
/wiki/Salford	Salford
/wiki/Salisberg	Salisberg
/wiki/Salonika	Salonika
/wiki/Saltillo	Saltillo
/wiki/Saltural	Saltural
/wiki/Saltville	Saltville
/wiki/Salur	Salur
/wiki/Salvende	Salvende
/wiki/Samantha	Samantha
/wiki/San_Carlos	San Carlos
/wiki/San_Nicolas	San Nicolas
/wiki/Sanda	Sanda
/wiki/Sanilac	Sanilac
/wiki/Santa-Ana	Santa-Ana
/wiki/Santana	Santana
/wiki/Santander_V	Santander V
/wiki/Santiago	Santiago
/wiki/Santiago_IV	Santiago IV
/wiki/Sanurcha_(FS)	Sanurcha (FS)
/wiki/Saonara	Saonara
/wiki/Sapienza	Sapienza
/wiki/Sappho	Sappho
/wiki/Sappir	Sappir
/wiki/Saravan	Saravan
/wiki/Sardis	Sardis
/wiki/Sargasso	Sargasso
/wiki/Sarikavak	Sarikavak
/wiki/Sarkel	Sarkel
/wiki/Sarmaxa	Sarmaxa
/wiki/Sarna	Sarna
/wiki/Sarpsborg	Sarpsborg
/wiki/Sartu	Sartu
/wiki/Satalice	Satalice
/wiki/Sauk_City	Sauk City
/wiki/Saumur	Saumur
/wiki/Saunemin	Saunemin
/wiki/Savannah_(system)	Savannah (system)
/wiki/Savinsville	Savinsville
/wiki/Savonburg	Savonburg
/wiki/Sawyer	Sawyer
/wiki/Sax	Sax
/wiki/Scarborough	Scarborough
/wiki/Scauld	Scauld
/wiki/Scheat	Scheat
/wiki/Schedar	Schedar
/wiki/Schererville	Schererville
/wiki/Scheuerheck	Scheuerheck
/wiki/Schiedam	Schiedam
/wiki/Schirmeck	Schirmeck
/wiki/Schmitt	Schmitt
/wiki/Schrim	Schrim
/wiki/Schuyler	Schuyler
/wiki/Schwartz	Schwartz
/wiki/Scituate	Scituate
/wiki/Scudder	Scudder
/wiki/Sebha	Sebha
/wiki/Second_Chance	Second Chance
/wiki/Second_Try	Second Try
/wiki/Segerica	Segerica
/wiki/Seginus	Seginus
/wiki/Seiduts	Seiduts
/wiki/Sekulmun	Sekulmun
/wiki/Semenyih	Semenyih
/wiki/Semichi	Semichi
/wiki/Sendai	Sendai
/wiki/Sendalor	Sendalor
/wiki/Senftenberg	Senftenberg
/wiki/Senorbi	Senorbi
/wiki/Sentarus	Sentarus
/wiki/Serenity	Serenity
/wiki/Sertar	Sertar
/wiki/Setubal	Setubal
/wiki/Seuta_Bimyeong	Seuta Bimyeong
/wiki/Sevon	Sevon
/wiki/Sevren	Sevren
/wiki/Shadow	Shadow
/wiki/Shady_Palms	Shady Palms
/wiki/Shahr_Kord	Shahr Kord
/wiki/Shalaine	Shalaine
/wiki/Shardayne	Shardayne
/wiki/Sharpe	Sharpe
/wiki/Sharqah	Sharqah
/wiki/Shasta	Shasta
/wiki/Shaul_Khala	Shaul Khala
/wiki/Shaula	Shaula
/wiki/Shaun	Shaun
/wiki/Shaunavon	Shaunavon
/wiki/Shawnee	Shawnee
/wiki/Sheliak	Sheliak
/wiki/Shensi	Shensi
/wiki/Shenwan	Shenwan
/wiki/Sheratan	Sheratan
/wiki/Sheridan	Sheridan
/wiki/Sheridan_(Clan_system)	Sheridan (Clan system)
/wiki/Sherwood	Sherwood
/wiki/Shiba	Shiba
/wiki/Shibukawa	Shibukawa
/wiki/Shiloh	Shiloh
/wiki/Shimoda	Shimoda
/wiki/Shimonita	Shimonita
/wiki/Shimonoseki	Shimonoseki
/wiki/Shimosuwa	Shimosuwa
/wiki/Shinonoi	Shinonoi
/wiki/Shionoha	Shionoha
/wiki/Shipka	Shipka
/wiki/Shipton	Shipton
/wiki/Shira	Shira
/wiki/Shiri	Shiri
/wiki/Shiro_III	Shiro III
/wiki/Shirotori	Shirotori
/wiki/Shitara	Shitara
/wiki/Shoreham	Shoreham
/wiki/Shubuta	Shubuta
/wiki/Shuen_Wan	Shuen Wan
/wiki/Shui-p%C3%A0o	Shui-pào
/wiki/Sialkot	Sialkot
/wiki/Sian	Sian
/wiki/Sichuan	Sichuan
/wiki/Sidon	Sidon
/wiki/Siendou	Siendou
/wiki/Sierpc	Sierpc
/wiki/Sierra	Sierra
/wiki/Sighisoara	Sighisoara
/wiki/Sigma_Mare	Sigma Mare
/wiki/Sigurd	Sigurd
/wiki/Sikkim	Sikkim
/wiki/Sileste	Sileste
/wiki/Silkeborg	Silkeborg
/wiki/Silver	Silver
/wiki/Simancas	Simancas
/wiki/Simferopol	Simferopol
/wiki/Simone	Simone
/wiki/Simpson_Desert	Simpson Desert
/wiki/Sindalin	Sindalin
/wiki/Sinope	Sinope
/wiki/Sirdar	Sirdar
/wiki/Sirius	Sirius
/wiki/Siroc	Siroc
/wiki/Skallevoll	Skallevoll
/wiki/Skandia	Skandia
/wiki/Skaslien	Skaslien
/wiki/Skat	Skat
/wiki/Skepptana	Skepptana
/wiki/Skiland	Skiland
/wiki/Skokie	Skokie
/wiki/Skondia	Skondia
/wiki/Skvorec	Skvorec
/wiki/Skye	Skye
/wiki/Skyfog	Skyfog
/wiki/Slaithwaite	Slaithwaite
/wiki/Slewis	Slewis
/wiki/Slocum	Slocum
/wiki/Small_World	Small World
/wiki/Smithon	Smithon
/wiki/Smolensk	Smolensk
/wiki/Smolnik	Smolnik
/wiki/Smythe	Smythe
/wiki/Snailzar	Snailzar
/wiki/Snowdon	Snowdon
/wiki/Sodertalje	Sodertalje
/wiki/Sodus	Sodus
/wiki/Soilihull	Soilihull
/wiki/Solaris	Solaris
/wiki/Solor	Solor
/wiki/Somerset	Somerset
/wiki/Son_Hoa	Son Hoa
/wiki/Songgang	Songgang
/wiki/Sonnia	Sonnia
/wiki/Sophie%27s_World	Sophie's World
/wiki/Sophos	Sophos
/wiki/Sornath	Sornath
/wiki/Sorsk	Sorsk
/wiki/Sorunda	Sorunda
/wiki/Soul	Soul
/wiki/Soverzene	Soverzene
/wiki/Sparrevohn	Sparrevohn
/wiki/Sparta	Sparta
/wiki/Spencer	Spencer
/wiki/Spica	Spica
/wiki/Spirit_(system)	Spirit (system)
/wiki/Spittal	Spittal
/wiki/Spitz	Spitz
/wiki/St._Andre	St. Andre
/wiki/St._Cyr	St. Cyr
/wiki/St._Gall	St. Gall
/wiki/St._Ives	St. Ives
/wiki/St._Jean	St. Jean
/wiki/St._John	St. John
/wiki/St._Loris	St. Loris
/wiki/St._Robert	St. Robert
/wiki/Staffin	Staffin
/wiki/Stafford	Stafford
/wiki/Stanley	Stanley
/wiki/Stantsiya	Stantsiya
/wiki/Stanzach	Stanzach
/wiki/Stapelfeld	Stapelfeld
/wiki/Star_Cluster_814	Star Cluster 814
/wiki/Star%27s_End	Star's End
/wiki/Stardawn	Stardawn
/wiki/Starshine	Starshine
/wiki/Steeles	Steeles
/wiki/Steelton	Steelton
/wiki/Stein%27s_Folly	Stein's Folly
/wiki/Steinhatchee	Steinhatchee
/wiki/Stellaris	Stellaris
/wiki/Sterling	Sterling
/wiki/Sterlington	Sterlington
/wiki/Sternwerde	Sternwerde
/wiki/Sterope	Sterope
/wiki/Stettin	Stettin
/wiki/Stettin_(HL)	Stettin (HL)
/wiki/Stewart	Stewart
/wiki/Stirling	Stirling
/wiki/Stockpoll	Stockpoll
/wiki/Stonarboi	Stonarboi
/wiki/Storfors	Storfors
/wiki/Stotzing	Stotzing
/wiki/Stralsund	Stralsund
/wiki/Strana_Mechty	Strana Mechty
/wiki/Strandfontein	Strandfontein
/wiki/Stratford	Stratford
/wiki/Strato_Domingo	Strato Domingo
/wiki/Strawn	Strawn
/wiki/Streator	Streator
/wiki/Sturganos	Sturganos
/wiki/Sturgis	Sturgis
/wiki/Styk	Styk
/wiki/Styriania	Styriania
/wiki/Styx	Styx
/wiki/Suda_Bay	Suda Bay
/wiki/Sudeten	Sudeten
/wiki/Suetonius	Suetonius
/wiki/Suianheer	Suianheer
/wiki/Suk_II	Suk II
/wiki/Sulafat	Sulafat
/wiki/Sullivan	Sullivan
/wiki/Summer	Summer
/wiki/Summerstide	Summerstide
/wiki/Summit	Summit
/wiki/Sumy	Sumy
/wiki/Sun_Prairie	Sun Prairie
/wiki/Sunchon	Sunchon
/wiki/Sunnywood	Sunnywood
/wiki/Surcin	Surcin
/wiki/Susquehanna	Susquehanna
/wiki/Susulatna	Susulatna
/wiki/Sutama	Sutama
/wiki/Suzano	Suzano
/wiki/Svalstad	Svalstad
/wiki/Svarstaad	Svarstaad
/wiki/Svelvik	Svelvik
/wiki/Sverdlovsk	Sverdlovsk
/wiki/Svinngarn	Svinngarn
/wiki/Swales	Swales
/wiki/Swartklip	Swartklip
/wiki/Sweet_Water	Sweet Water
/wiki/Sylvan	Sylvan
/wiki/Sylvester_(system)	Sylvester (system)
/wiki/Symington	Symington
/wiki/Symsonia	Symsonia
/wiki/Synsstad	Synsstad
/wiki/Syrma	Syrma
/wiki/Syrstart	Syrstart
/wiki/Szepes	Szepes
/wiki/Szombathely	Szombathely
/wiki/T-892	T-892
/wiki/Tabayama	Tabayama
/wiki/Taga	Taga
/wiki/Tainjin	Tainjin
/wiki/Talcott	Talcott
/wiki/Talisker	Talisker
/wiki/Talitha	Talitha
/wiki/Tall_Trees	Tall Trees
/wiki/Tallassee	Tallassee
/wiki/Tallin	Tallin
/wiki/Tallmadge	Tallmadge
/wiki/Tamar	Tamar
/wiki/Tamarind	Tamarind
/wiki/Tamaron	Tamaron
/wiki/Tamsalu	Tamsalu
/wiki/Tancredi	Tancredi
/wiki/Mayadi	Mayadi
/wiki/Tangipahoa	Tangipahoa
/wiki/Tangua	Tangua
/wiki/Tanh_Linh	Tanh Linh
/wiki/Tania_Australis	Tania Australis
/wiki/Tania_Borealis	Tania Borealis
/wiki/Tanis	Tanis
/wiki/Tanite_Worlds	Tanite Worlds
/wiki/Tannil	Tannil
/wiki/Tansalir	Tansalir
/wiki/Tantallon	Tantallon
/wiki/Tantara	Tantara
/wiki/Tanz	Tanz
/wiki/Tapachula	Tapachula
/wiki/Tapihue	Tapihue
/wiki/Taran%27s_World	Taran's World
/wiki/Tarazed	Tarazed
/wiki/Tarkio	Tarkio
/wiki/Tarnby	Tarnby
/wiki/Tarol_IV	Tarol IV
/wiki/Tathis	Tathis
/wiki/Tatlawiksuk	Tatlawiksuk
/wiki/Tatopani	Tatopani
/wiki/Tatsuno	Tatsuno
/wiki/Taumaturgo	Taumaturgo
/wiki/Taurus	Taurus
/wiki/Tawas	Tawas
/wiki/Taygeta	Taygeta
/wiki/Tazaraki	Tazaraki
/wiki/Tchamba	Tchamba
/wiki/Techne%27s_Revenge	Techne's Revenge
/wiki/Tecumseh	Tecumseh
/wiki/Tedibyhr	Tedibyhr
/wiki/Tegaldanas	Tegaldanas
/wiki/Tellman_IV	Tellman IV
/wiki/Tellman%27s_Mistake	Tellman's Mistake
/wiki/Telos_IV	Telos IV
/wiki/Tematagi	Tematagi
/wiki/Teng	Teng
/wiki/Tengil	Tengil
/wiki/Teniente	Teniente
/wiki/Tentativa	Tentativa
/wiki/Terra	Terra
/wiki/Terra_Firma	Terra Firma
/wiki/Tetersen	Tetersen
/wiki/Tetschner	Tetschner
/wiki/Tetski	Tetski
/wiki/Texlos	Texlos
/wiki/Teylingen	Teylingen
/wiki/Teyvareb	Teyvareb
/wiki/TF4	TF4
/wiki/Thadora%27s_Land	Thadora's Land
/wiki/Thala	Thala
/wiki/Thannhausen	Thannhausen
/wiki/Tharkad	Tharkad
/wiki/Thasos	Thasos
/wiki/Thazi	Thazi
/wiki/The_Edge	The Edge
/wiki/The_Eyes_in_the_Dark	The Eyes in the Dark
/wiki/The_Rack	The Rack
/wiki/The_Rock	The Rock
/wiki/Thermopolis	Thermopolis
/wiki/Thessalonika	Thessalonika
/wiki/Thestria	Thestria
/wiki/Thibodaux	Thibodaux
/wiki/Thimphu	Thimphu
/wiki/Thirty_Weight	Thirty Weight
/wiki/Thomas	Thomas
/wiki/Thorin	Thorin
/wiki/Thorn_(HL)	Thorn (HL)
/wiki/Thraxa	Thraxa
/wiki/Thuban	Thuban
/wiki/Thule	Thule
/wiki/Thun	Thun
/wiki/Thurrock	Thurrock
/wiki/Tianamon	Tianamon
/wiki/Tiber_(FWL)	Tiber (FWL)
/wiki/Tiber_(Clan_system)	Tiber (Clan system)
/wiki/Tibolt	Tibolt
/wiki/Tiflis	Tiflis
/wiki/Tigress	Tigress
/wiki/Tikonov	Tikonov
/wiki/Timbiqui	Timbiqui
/wiki/Timbuktu	Timbuktu
/wiki/Timehri	Timehri
/wiki/Timkovichi	Timkovichi
/wiki/Tinaca	Tinaca
/wiki/Tincalunas	Tincalunas
/wiki/Tintavel	Tintavel
/wiki/Tirabad	Tirabad
/wiki/Tiruchchirappalli	Tiruchchirappalli
/wiki/Tiruppur	Tiruppur
/wiki/Tishomingo	Tishomingo
/wiki/Tiskilwa	Tiskilwa
/wiki/TJ239H2	TJ239H2
/wiki/Toffen	Toffen
/wiki/Togura	Togura
/wiki/Togwotee	Togwotee
/wiki/Tohelet	Tohelet
/wiki/Tok_Do	Tok Do
/wiki/Tokasha	Tokasha
/wiki/Toland	Toland
/wiki/Tomalov	Tomalov
/wiki/Tomans	Tomans
/wiki/Tongatapu	Tongatapu
/wiki/Tordenskjold	Tordenskjold
/wiki/Torgvei	Torgvei
/wiki/Tormentine	Tormentine
/wiki/Torrence	Torrence
/wiki/Tortuga_Prime	Tortuga Prime
/wiki/Toten	Toten
/wiki/Totness	Totness
/wiki/Tottori	Tottori
/wiki/Tovetin	Tovetin
/wiki/Towne	Towne
/wiki/Tranquil	Tranquil
/wiki/Trasjkis	Trasjkis
/wiki/Traussin	Traussin
/wiki/Trell	Trell
/wiki/Trelleborg	Trelleborg
/wiki/Trellisane	Trellisane
/wiki/Trent	Trent
/wiki/Trentham	Trentham
/wiki/Tresspass	Tresspass
/wiki/Triesting	Triesting
/wiki/Trimaldix	Trimaldix
/wiki/Trinidad	Trinidad
/wiki/Trinity_(system)	Trinity (system)
/wiki/Trip	Trip
/wiki/Tripoli	Tripoli
/wiki/Trolloc_Prime	Trolloc Prime
/wiki/Trondheim_(FRR)	Trondheim (FRR)
/wiki/Trondheim_(Periphery)	Trondheim (Periphery)
/wiki/Trondheimal	Trondheimal
/wiki/Truth	Truth
/wiki/Trznadel_Cluster	Trznadel Cluster
/wiki/Tsamma	Tsamma
/wiki/Tsarahavana	Tsarahavana
/wiki/Tsinan	Tsinan
/wiki/Tsinghai	Tsinghai
/wiki/Tsingtao	Tsingtao
/wiki/Tsitsang	Tsitsang
/wiki/Tsukude	Tsukude
/wiki/Tuamotu	Tuamotu
/wiki/Tuat	Tuat
/wiki/Tukayyid	Tukayyid
/wiki/Tunlmar	Tunlmar
/wiki/Turin	Turin
/wiki/Turinge	Turinge
/wiki/Turkalia	Turkalia
/wiki/Turko	Turko
/wiki/Turov	Turov
/wiki/Turtle_Bay	Turtle Bay
/wiki/Tuscarawas	Tuscarawas
/wiki/Twycross	Twycross
/wiki/Tybalt	Tybalt
/wiki/Tylarzka	Tylarzka
/wiki/Tyrfing	Tyrfing
/wiki/Tyrlon	Tyrlon
/wiki/Tyrrhenia	Tyrrhenia
/wiki/Ubangi	Ubangi
/wiki/Udibi	Udibi
/wiki/Ueda	Ueda
/wiki/Ugland	Ugland
/wiki/Uhuru	Uhuru
/wiki/Ukunela	Ukunela
/wiki/Ulan_Batar	Ulan Batar
/wiki/Ulan_Bator	Ulan Bator
/wiki/Ullieri	Ullieri
/wiki/Ulsan	Ulsan
/wiki/Ulubis	Ulubis
/wiki/Ulvskollen	Ulvskollen
/wiki/Ulysses	Ulysses
/wiki/Umgard	Umgard
/wiki/Umijiri	Umijiri
/wiki/Umka	Umka
/wiki/Undra	Undra
/wiki/Unity	Unity
/wiki/Unkador	Unkador
/wiki/Unukalhai	Unukalhai
/wiki/Unzmarkt	Unzmarkt
/wiki/Upano	Upano
/wiki/Uravan	Uravan
/wiki/Urich	Urich
/wiki/Urjala	Urjala
/wiki/Utrecht	Utrecht
/wiki/Uzhgorod	Uzhgorod
/wiki/Vaajakoski	Vaajakoski
/wiki/Vackisujfalu	Vackisujfalu
/wiki/Vakarel	Vakarel
/wiki/Valabhi	Valabhi
/wiki/Valasha	Valasha
/wiki/Valdives	Valdives
/wiki/Valencia	Valencia
/wiki/Valentina	Valentina
/wiki/Valerius	Valerius
/wiki/Valexa	Valexa
/wiki/Valhalla_VI	Valhalla VI
/wiki/Valil%27yevskiy	Valil'yevskiy
/wiki/Valladolid	Valladolid
/wiki/Valloire	Valloire
/wiki/Valmiera	Valmiera
/wiki/Valois	Valois
/wiki/Van_Diemen_IV	Van Diemen IV
/wiki/Vandalia	Vandalia
/wiki/Vanern	Vanern
/wiki/Vangburg	Vangburg
/wiki/Vannes	Vannes
/wiki/Vanra	Vanra
/wiki/Vantaa	Vantaa
/wiki/Vard	Vard
/wiki/Vargtass	Vargtass
/wiki/Vaucluse	Vaucluse
/wiki/Vecchio	Vecchio
/wiki/Veckholm	Veckholm
/wiki/Vega	Vega
/wiki/Veil	Veil
/wiki/Velhas	Velhas
/wiki/Venaria	Venaria
/wiki/Vendrell	Vendrell
/wiki/Ventabren	Ventabren
/wiki/Verde	Verde
/wiki/Verdigreis	Verdigreis
/wiki/Verdinge	Verdinge
/wiki/Vereeniging	Vereeniging
/wiki/Verlo	Verlo
/wiki/Vermezzo	Vermezzo
/wiki/Versailles	Versailles
/wiki/Norn	Norn
/wiki/Vestallas	Vestallas
/wiki/Viborg	Viborg
/wiki/Vibrunum	Vibrunum
/wiki/Vicente	Vicente
/wiki/Vicksland	Vicksland
/wiki/Victoria_(CC)	Victoria (CC)
/wiki/Victoria_(FS)	Victoria (FS)
/wiki/Victralla	Victralla
/wiki/Vihtijarvi	Vihtijarvi
/wiki/Vikindu	Vikindu
/wiki/Villanueva	Villanueva
/wiki/Viluisk	Viluisk
/wiki/Vindemiatrix	Vindemiatrix
/wiki/Vinstra	Vinstra
/wiki/Vinton	Vinton
/wiki/Vintru	Vintru
/wiki/Vipaava	Vipaava
/wiki/Virentofta	Virentofta
/wiki/Viribium	Viribium
/wiki/Viroflay	Viroflay
/wiki/Virtue	Virtue
/wiki/Visby	Visby
/wiki/Vixen_(system)	Vixen (system)
/wiki/Voehn	Voehn
/wiki/Volders	Volders
/wiki/Von_Strang%27s_World	Von Strang's World
/wiki/Vonja	Vonja
/wiki/Vorarlberg	Vorarlberg
/wiki/Vortalcoy	Vortalcoy
/wiki/Vorzel	Vorzel
/wiki/Vosloorus	Vosloorus
/wiki/Vul_Rift	Vul Rift
/wiki/Vulcan_(system)	Vulcan (system)
/wiki/Vulture%27s_Nest	Vulture's Nest
/wiki/V%C3%A1rri	Várri
/wiki/Waddesdon	Waddesdon
/wiki/Waimalu	Waimalu
/wiki/Waini_Point	Waini Point
/wiki/Waipahu	Waipahu
/wiki/Waitur	Waitur
/wiki/Waldheim	Waldheim
/wiki/Waldorff	Waldorff
/wiki/Wallacia	Wallacia
/wiki/Wallis	Wallis
/wiki/Wantorill	Wantorill
/wiki/Wapakoneta	Wapakoneta
/wiki/Wappingers	Wappingers
/wiki/Ward	Ward
/wiki/Wark	Wark
/wiki/Warlock	Warlock
/wiki/Warren	Warren
/wiki/Warrumbungle	Warrumbungle
/wiki/Wasat	Wasat
/wiki/Washburn	Washburn
/wiki/Watermael	Watermael
/wiki/Waunakee	Waunakee
/wiki/Waxell	Waxell
/wiki/Waycross	Waycross
/wiki/Waypoint	Waypoint
/wiki/Waypoint_531	Waypoint 531
/wiki/Wayside	Wayside
/wiki/Wazan	Wazan
/wiki/Weatogue	Weatogue
/wiki/Wedderborg	Wedderborg
/wiki/Wedgefield	Wedgefield
/wiki/Weekapaug	Weekapaug
/wiki/Wei	Wei
/wiki/Weingarten	Weingarten
/wiki/Weippe	Weippe
/wiki/Weisau	Weisau
/wiki/Weitinger	Weitinger
/wiki/Weiz	Weiz
/wiki/Weldon	Weldon
/wiki/Werfer	Werfer
/wiki/Wernke	Wernke
/wiki/Westerhand	Westerhand
/wiki/Westerstede	Westerstede
/wiki/Westfield	Westfield
/wiki/Weistheimer	Weistheimer
/wiki/Westover	Westover
/wiki/Westphalia	Westphalia
/wiki/Wetumpka	Wetumpka
/wiki/Wheel	Wheel
/wiki/Whittington	Whittington
/wiki/Wildwood	Wildwood
/wiki/Wilkes	Wilkes
/wiki/Willowick	Willowick
/wiki/Willunga	Willunga
/wiki/Wiltshire	Wiltshire
/wiki/Windhoek	Windhoek
/wiki/Windsor	Windsor
/wiki/Winfield_(LC)	Winfield (LC)
/wiki/Winfield_(FS)	Winfield (FS)
/wiki/Wing	Wing
/wiki/Wingzar	Wingzar
/wiki/Winter	Winter
/wiki/Wisconsin	Wisconsin
/wiki/Wismar	Wismar
/wiki/Wittington	Wittington
/wiki/Wokha	Wokha
/wiki/Wolcott	Wolcott
/wiki/Wolf_82	Wolf 82
/wiki/Wolof	Wolof
/wiki/Wonju	Wonju
/wiki/Woodbine	Woodbine
/wiki/Woodstock	Woodstock
/wiki/Woogi	Woogi
/wiki/Worrell	Worrell
/wiki/Wotan	Wotan
/wiki/Wrentham	Wrentham
/wiki/Wright	Wright
/wiki/Wrociaw	Wrociaw
/wiki/Wroxeter	Wroxeter
/wiki/Wyatt	Wyatt
/wiki/Wyeth%27s_Glory	Wyeth's Glory
/wiki/Wynn%27s_Roost	Wynn's Roost
/wiki/Wypoute	Wypoute
/wiki/Xanthe_III	Xanthe III
/wiki/Xenia	Xenia
/wiki/Xhosa_VII	Xhosa VII
/wiki/Xi_Ursae_Majoris	Xi Ursae Majoris
/wiki/Xieng_Khouang	Xieng Khouang
/wiki/Xinyang	Xinyang
/wiki/Yamarovka	Yamarovka
/wiki/Yamoussoukra	Yamoussoukra
/wiki/Yance_I	Yance I
/wiki/Yanchep	Yanchep
/wiki/Yangtze	Yangtze
/wiki/Yardley	Yardley
/wiki/Yed_Posterior	Yed Posterior
/wiki/Yed_Prior	Yed Prior
/wiki/Yeguas	Yeguas
/wiki/Yidtall	Yidtall
/wiki/Ylemelke	Ylemelke
/wiki/Yongd	Yongd
/wiki/Yorii	Yorii
/wiki/York_(Clan)	York (Clan)
/wiki/York_(LC)	York (LC)
/wiki/Ype-Jhu	Ype-Jhu
/wiki/Yufu	Yufu
/wiki/Yumesta	Yumesta
/wiki/Yunnah	Yunnah
/wiki/Yuris	Yuris
/wiki/Y%C3%A0n-hu%C3%AC	Yàn-huì
/wiki/Zacatecoluca	Zacatecoluca
/wiki/Zalaf	Zalaf
/wiki/Zalt	Zalt
/wiki/Zalzangor	Zalzangor
/wiki/Zambezi	Zambezi
/wiki/Zanbasa	Zanbasa
/wiki/Zanderij	Zanderij
/wiki/Zangul	Zangul
/wiki/Zaniah	Zaniah
/wiki/Zanzibar	Zanzibar
/wiki/Zanzor	Zanzor
/wiki/Zaprudy	Zaprudy
/wiki/Zara	Zara
/wiki/Zathras	Zathras
/wiki/Zaurak	Zaurak
/wiki/Zavijava	Zavijava
/wiki/Zawiercie	Zawiercie
/wiki/Zdice	Zdice
/wiki/Zebebelgenubi	Zebebelgenubi
/wiki/Zebeneschamali	Zebeneschamali
/wiki/Zebrenaski	Zebrenaski
/wiki/Zebuluraskai	Zebuluraskai
/wiki/Zefri	Zefri
/wiki/Zelmag_III	Zelmag III
/wiki/Zelski_II	Zelski II
/wiki/Zempoatlepetl	Zempoatlepetl
/wiki/Zertarum	Zertarum
/wiki/Zetang	Zetang
/wiki/Zhongshan	Zhongshan
/wiki/Ziliang	Ziliang
/wiki/Zinal	Zinal
/wiki/Zindao	Zindao
/wiki/Zion	Zion
/wiki/Zlatousi	Zlatousi
/wiki/Zoetermeer	Zoetermeer
/wiki/Zolfo	Zolfo
/wiki/Zollikofen	Zollikofen
/wiki/Zorn%27s_Keep	Zorn's Keep
/wiki/Zortman	Zortman
/wiki/Zosma	Zosma
/wiki/Zuhbehr	Zuhbehr
/wiki/Zulu_11981_TZ	Zulu 11981 TZ
/wiki/Zumbo	Zumbo
/wiki/Zurich	Zurich
/wiki/Zvolen	Zvolen
/wiki/Zwenkau	Zwenkau
/wiki/Zwipadze	Zwipadze
/wiki/%C3%85lborg	Ålborg
/wiki/%C3%9Ar_Cruinne	Úr Cruinne